--------------------------------------------------------
Starting MAC unit simulation:       10000 tests
Pipelining:           0
Input/output:          16 bits
Accumulator:          48 bits
--------------------------------------------------------

[PASS] t=0 | reset=1 init_acc=0 input_valid=0 Q=0

  --- inputs ---
             reset =          1 (0x1)
          init_acc =          0 (0x0)
       input_valid =          0 (0x0)
                 Q =          0 (0x0)
            input0 =          0 (0x0)
            input1 =          0 (0x0)
        init_value =          0 (0x0)

  --- dut ---
             acc_w =          0 (0x0)

  --- outputs ---
               out =          0 (0x0)
         out_exp_d =          0 (0x0)
           out_exp =          0 (0x0)

  --- golden (C) ---
             accum =          0 (0x0)
          shift_r1 =          0 (0x0)

[PASS] t=10 | reset=0 init_acc=1 input_valid=0 Q=0

  --- inputs ---
             reset =          0 (0x0)
          init_acc =          1 (0x1)
       input_valid =          0 (0x0)
                 Q =          0 (0x0)
            input0 =          0 (0x0)
            input1 =          0 (0x0)
        init_value =      32767 (0x7fff)

  --- dut ---
             acc_w =          0 (0x0)

  --- outputs ---
               out =          0 (0x0)
         out_exp_d =          0 (0x0)
           out_exp =      32767 (0x7fff)

  --- golden (C) ---
             accum =      32767 (0x7fff)
          shift_r1 =          0 (0x0)

[PASS] t=20 | reset=0 init_acc=0 input_valid=1 Q=0

  --- inputs ---
             reset =          0 (0x0)
          init_acc =          0 (0x0)
       input_valid =          1 (0x1)
                 Q =          0 (0x0)
            input0 =          1 (0x1)
            input1 =          1 (0x1)
        init_value =          0 (0x0)

  --- dut ---
             acc_w =      32767 (0x7fff)

  --- outputs ---
               out =      32767 (0x7fff)
         out_exp_d =      32767 (0x7fff)
           out_exp =      32767 (0x7fff)

  --- golden (C) ---
             accum =      32768 (0x8000)
          shift_r1 =          0 (0x0)

[PASS] t=30 | reset=0 init_acc=0 input_valid=0 Q=0

  --- inputs ---
             reset =          0 (0x0)
          init_acc =          0 (0x0)
       input_valid =          0 (0x0)
                 Q =          0 (0x0)
            input0 =          0 (0x0)
            input1 =          0 (0x0)
        init_value =          0 (0x0)

  --- dut ---
             acc_w =      32768 (0x8000)

  --- outputs ---
               out =      32767 (0x7fff)
         out_exp_d =      32767 (0x7fff)
           out_exp =      32767 (0x7fff)

  --- golden (C) ---
             accum =      32768 (0x8000)
          shift_r1 =          0 (0x0)

[PASS] t=40 | reset=0 init_acc=0 input_valid=0 Q=0

  --- inputs ---
             reset =          0 (0x0)
          init_acc =          0 (0x0)
       input_valid =          0 (0x0)
                 Q =          0 (0x0)
            input0 =          0 (0x0)
            input1 =          0 (0x0)
        init_value =          0 (0x0)

  --- dut ---
             acc_w =      32768 (0x8000)

  --- outputs ---
               out =      32767 (0x7fff)
         out_exp_d =      32767 (0x7fff)
           out_exp =      32767 (0x7fff)

  --- golden (C) ---
             accum =      32768 (0x8000)
          shift_r1 =          0 (0x0)

[PASS] t=50 | reset=0 init_acc=1 input_valid=0 Q=0

  --- inputs ---
             reset =          0 (0x0)
          init_acc =          1 (0x1)
       input_valid =          0 (0x0)
                 Q =          0 (0x0)
            input0 =          0 (0x0)
            input1 =          0 (0x0)
        init_value =     -32768 (0xffff8000)

  --- dut ---
             acc_w =      32768 (0x8000)

  --- outputs ---
               out =      32767 (0x7fff)
         out_exp_d =      32767 (0x7fff)
           out_exp =     -32768 (0xffff8000)

  --- golden (C) ---
             accum =     -32768 (0xffffffffffffffffffffffffffff8000)
          shift_r1 =          0 (0x0)

[PASS] t=60 | reset=0 init_acc=0 input_valid=1 Q=0

  --- inputs ---
             reset =          0 (0x0)
          init_acc =          0 (0x0)
       input_valid =          1 (0x1)
                 Q =          0 (0x0)
            input0 =          1 (0x1)
            input1 =         -1 (0xffffffff)
        init_value =          0 (0x0)

  --- dut ---
             acc_w =     -32768 (0xffffffffffff8000)

  --- outputs ---
               out =     -32768 (0xffff8000)
         out_exp_d =     -32768 (0xffff8000)
           out_exp =     -32768 (0xffff8000)

  --- golden (C) ---
             accum =     -32769 (0xffffffffffffffffffffffffffff7fff)
          shift_r1 =          0 (0x0)

[PASS] t=70 | reset=0 init_acc=0 input_valid=0 Q=0

  --- inputs ---
             reset =          0 (0x0)
          init_acc =          0 (0x0)
       input_valid =          0 (0x0)
                 Q =          0 (0x0)
            input0 =          0 (0x0)
            input1 =          0 (0x0)
        init_value =          0 (0x0)

  --- dut ---
             acc_w =     -32769 (0xffffffffffff7fff)

  --- outputs ---
               out =     -32768 (0xffff8000)
         out_exp_d =     -32768 (0xffff8000)
           out_exp =     -32768 (0xffff8000)

  --- golden (C) ---
             accum =     -32769 (0xffffffffffffffffffffffffffff7fff)
          shift_r1 =          0 (0x0)

[PASS] t=80 | reset=0 init_acc=0 input_valid=0 Q=0

  --- inputs ---
             reset =          0 (0x0)
          init_acc =          0 (0x0)
       input_valid =          0 (0x0)
                 Q =          0 (0x0)
            input0 =          0 (0x0)
            input1 =          0 (0x0)
        init_value =          0 (0x0)

  --- dut ---
             acc_w =     -32769 (0xffffffffffff7fff)

  --- outputs ---
               out =     -32768 (0xffff8000)
         out_exp_d =     -32768 (0xffff8000)
           out_exp =     -32768 (0xffff8000)

  --- golden (C) ---
             accum =     -32769 (0xffffffffffffffffffffffffffff7fff)
          shift_r1 =          0 (0x0)

[FAIL] t=90 | reset=0 init_acc=0 input_valid=1 Q=22

  --- inputs ---
             reset =          0 (0x0)
          init_acc =          0 (0x0)
       input_valid =          1 (0x1)
                 Q =         22 (0x16)
            input0 =     -20041 (0xffffb1b7)
            input1 =       4014 (0xfae)
        init_value =     -22854 (0xffffa6ba)

  --- dut ---
             acc_w =     -32769 (0xffffffffffff7fff)

  --- outputs ---
               out =         -1 (0xffffffff)
         out_exp_d =     -32768 (0xffff8000)
           out_exp =        -20 (0xffffffec)

  --- golden (C) ---
             accum =  -80477343 (0xfffffffffffffffffffffffffb340361)
          shift_r1 =         22 (0x16)

[FAIL] t=100 | reset=0 init_acc=0 input_valid=1 Q=1

  --- inputs ---
             reset =          0 (0x0)
          init_acc =          0 (0x0)
       input_valid =          1 (0x1)
                 Q =          1 (0x1)
            input0 =     -26034 (0xffff9a4e)
            input1 =      -8227 (0xffffdfdd)
        init_value =       1684 (0x694)

  --- dut ---
             acc_w =  -80477343 (0xfffffffffb340361)

  --- outputs ---
               out =     -32768 (0xffff8000)
         out_exp_d =        -20 (0xffffffec)
           out_exp =      32767 (0x7fff)

  --- golden (C) ---
             accum =  133704375 (0x7f82ab7)
          shift_r1 =          1 (0x1)

[FAIL] t=110 | reset=0 init_acc=0 input_valid=1 Q=33

  --- inputs ---
             reset =          0 (0x0)
          init_acc =          0 (0x0)
       input_valid =          1 (0x1)
                 Q =         33 (0x21)
            input0 =      26642 (0x6812)
            input1 =      17293 (0x438d)
        init_value =      22656 (0x5880)

  --- dut ---
             acc_w =  133704375 (0x7f82ab7)

  --- outputs ---
               out =          0 (0x0)
         out_exp_d =      32767 (0x7fff)
           out_exp =          0 (0x0)

  --- golden (C) ---
             accum =  594424481 (0x236e32a1)
          shift_r1 =         33 (0x21)

[PASS] t=120 | reset=0 init_acc=0 input_valid=0 Q=11

  --- inputs ---
             reset =          0 (0x0)
          init_acc =          0 (0x0)
       input_valid =          0 (0x0)
                 Q =         11 (0xb)
            input0 =     -21542 (0xffffabda)
            input1 =     -15944 (0xffffc1b8)
        init_value =      31534 (0x7b2e)

  --- dut ---
             acc_w =  594424481 (0x236e32a1)

  --- outputs ---
               out =          0 (0x0)
         out_exp_d =          0 (0x0)
           out_exp =          0 (0x0)

  --- golden (C) ---
             accum =  594424481 (0x236e32a1)
          shift_r1 =         33 (0x21)

[FAIL] t=130 | reset=0 init_acc=1 input_valid=1 Q=2

  --- inputs ---
             reset =          0 (0x0)
          init_acc =          1 (0x1)
       input_valid =          1 (0x1)
                 Q =          2 (0x2)
            input0 =      32767 (0x7fff)
            input1 =        153 (0x99)
        init_value =     -20121 (0xffffb167)

  --- dut ---
             acc_w =  594424481 (0x236e32a1)

  --- outputs ---
               out =      32767 (0x7fff)
         out_exp_d =          0 (0x0)
           out_exp =      -5031 (0xffffec59)

  --- golden (C) ---
             accum =     -20121 (0xffffffffffffffffffffffffffffb167)
          shift_r1 =          2 (0x2)

[FAIL] t=140 | reset=0 init_acc=0 input_valid=1 Q=43

  --- inputs ---
             reset =          0 (0x0)
          init_acc =          0 (0x0)
       input_valid =          1 (0x1)
                 Q =         43 (0x2b)
            input0 =       8030 (0x1f5e)
            input1 =      -5969 (0xffffe8af)
        init_value =      19554 (0x4c62)

  --- dut ---
             acc_w =     -20121 (0xffffffffffffb167)

  --- outputs ---
               out =         -1 (0xffffffff)
         out_exp_d =      -5031 (0xffffec59)
           out_exp =         -1 (0xffffffff)

  --- golden (C) ---
             accum =  -47951191 (0xfffffffffffffffffffffffffd2452a9)
          shift_r1 =         43 (0x2b)

[PASS] t=150 | reset=0 init_acc=0 input_valid=0 Q=6

  --- inputs ---
             reset =          0 (0x0)
          init_acc =          0 (0x0)
       input_valid =          0 (0x0)
                 Q =          6 (0x6)
            input0 =      -6719 (0xffffe5c1)
            input1 =     -19596 (0xffffb374)
        init_value =      17498 (0x445a)

  --- dut ---
             acc_w =  -47951191 (0xfffffffffd2452a9)

  --- outputs ---
               out =         -1 (0xffffffff)
         out_exp_d =         -1 (0xffffffff)
           out_exp =         -1 (0xffffffff)

  --- golden (C) ---
             accum =  -47951191 (0xfffffffffffffffffffffffffd2452a9)
          shift_r1 =         43 (0x2b)

[FAIL] t=160 | reset=0 init_acc=0 input_valid=1 Q=17

  --- inputs ---
             reset =          0 (0x0)
          init_acc =          0 (0x0)
       input_valid =          1 (0x1)
                 Q =         17 (0x11)
            input0 =     -20938 (0xffffae36)
            input1 =     -24282 (0xffffa126)
        init_value =     -32768 (0xffff8000)

  --- dut ---
             acc_w =  -47951191 (0xfffffffffd2452a9)

  --- outputs ---
               out =       -366 (0xfffffe92)
         out_exp_d =         -1 (0xffffffff)
           out_exp =       3513 (0xdb9)

  --- golden (C) ---
             accum =  460465325 (0x1b7224ad)
          shift_r1 =         17 (0x11)

[FAIL] t=170 | reset=0 init_acc=0 input_valid=1 Q=18

  --- inputs ---
             reset =          0 (0x0)
          init_acc =          0 (0x0)
       input_valid =          1 (0x1)
                 Q =         18 (0x12)
            input0 =     -29905 (0xffff8b2f)
            input1 =      11434 (0x2caa)
        init_value =      -2654 (0xfffff5a2)

  --- dut ---
             acc_w =  460465325 (0x1b7224ad)

  --- outputs ---
               out =       1756 (0x6dc)
         out_exp_d =       3513 (0xdb9)
           out_exp =        452 (0x1c4)

  --- golden (C) ---
             accum =  118531555 (0x710a5e3)
          shift_r1 =         18 (0x12)

[FAIL] t=180 | reset=0 init_acc=0 input_valid=1 Q=21

  --- inputs ---
             reset =          0 (0x0)
          init_acc =          0 (0x0)
       input_valid =          1 (0x1)
                 Q =         21 (0x15)
            input0 =        763 (0x2fb)
            input1 =      19678 (0x4cde)
        init_value =      14615 (0x3917)

  --- dut ---
             acc_w =  118531555 (0x710a5e3)

  --- outputs ---
               out =         56 (0x38)
         out_exp_d =        452 (0x1c4)
           out_exp =         63 (0x3f)

  --- golden (C) ---
             accum =  133545869 (0x7f5bf8d)
          shift_r1 =         21 (0x15)

[PASS] t=190 | reset=0 init_acc=0 input_valid=0 Q=10

  --- inputs ---
             reset =          0 (0x0)
          init_acc =          0 (0x0)
       input_valid =          0 (0x0)
                 Q =         10 (0xa)
            input0 =      32767 (0x7fff)
            input1 =     -28663 (0xffff9009)
        init_value =      21692 (0x54bc)

  --- dut ---
             acc_w =  133545869 (0x7f5bf8d)

  --- outputs ---
               out =         63 (0x3f)
         out_exp_d =         63 (0x3f)
           out_exp =         63 (0x3f)

  --- golden (C) ---
             accum =  133545869 (0x7f5bf8d)
          shift_r1 =         21 (0x15)

[FAIL] t=200 | reset=0 init_acc=0 input_valid=1 Q=36

  --- inputs ---
             reset =          0 (0x0)
          init_acc =          0 (0x0)
       input_valid =          1 (0x1)
                 Q =         36 (0x24)
            input0 =     -24082 (0xffffa1ee)
            input1 =      31294 (0x7a3e)
        init_value =     -23830 (0xffffa2ea)

  --- dut ---
             acc_w =  133545869 (0x7f5bf8d)

  --- outputs ---
               out =          0 (0x0)
         out_exp_d =         63 (0x3f)
           out_exp =         -1 (0xffffffff)

  --- golden (C) ---
             accum = -620076239 (0xffffffffffffffffffffffffdb0a6331)
          shift_r1 =         36 (0x24)

[PASS] t=210 | reset=0 init_acc=0 input_valid=0 Q=3

  --- inputs ---
             reset =          0 (0x0)
          init_acc =          0 (0x0)
       input_valid =          0 (0x0)
                 Q =          3 (0x3)
            input0 =     -14731 (0xffffc675)
            input1 =      12134 (0x2f66)
        init_value =      22388 (0x5774)

  --- dut ---
             acc_w = -620076239 (0xffffffffdb0a6331)

  --- outputs ---
               out =         -1 (0xffffffff)
         out_exp_d =         -1 (0xffffffff)
           out_exp =         -1 (0xffffffff)

  --- golden (C) ---
             accum = -620076239 (0xffffffffffffffffffffffffdb0a6331)
          shift_r1 =         36 (0x24)

[PASS] t=220 | reset=0 init_acc=0 input_valid=0 Q=34

  --- inputs ---
             reset =          0 (0x0)
          init_acc =          0 (0x0)
       input_valid =          0 (0x0)
                 Q =         34 (0x22)
            input0 =      10576 (0x2950)
            input1 =     -32768 (0xffff8000)
        init_value =     -23724 (0xffffa354)

  --- dut ---
             acc_w = -620076239 (0xffffffffdb0a6331)

  --- outputs ---
               out =         -1 (0xffffffff)
         out_exp_d =         -1 (0xffffffff)
           out_exp =         -1 (0xffffffff)

  --- golden (C) ---
             accum = -620076239 (0xffffffffffffffffffffffffdb0a6331)
          shift_r1 =         36 (0x24)

[PASS] t=230 | reset=0 init_acc=0 input_valid=0 Q=38

  --- inputs ---
             reset =          0 (0x0)
          init_acc =          0 (0x0)
       input_valid =          0 (0x0)
                 Q =         38 (0x26)
            input0 =      30805 (0x7855)
            input1 =       -422 (0xfffffe5a)
        init_value =     -28875 (0xffff8f35)

  --- dut ---
             acc_w = -620076239 (0xffffffffdb0a6331)

  --- outputs ---
               out =         -1 (0xffffffff)
         out_exp_d =         -1 (0xffffffff)
           out_exp =         -1 (0xffffffff)

  --- golden (C) ---
             accum = -620076239 (0xffffffffffffffffffffffffdb0a6331)
          shift_r1 =         36 (0x24)

[FAIL] t=240 | reset=0 init_acc=0 input_valid=1 Q=24

  --- inputs ---
             reset =          0 (0x0)
          init_acc =          0 (0x0)
       input_valid =          1 (0x1)
                 Q =         24 (0x18)
            input0 =     -26752 (0xffff9780)
            input1 =      -6809 (0xffffe567)
        init_value =     -15416 (0xffffc3c8)

  --- dut ---
             acc_w = -620076239 (0xffffffffdb0a6331)

  --- outputs ---
               out =        -37 (0xffffffdb)
         out_exp_d =         -1 (0xffffffff)
           out_exp =        -27 (0xffffffe5)

  --- golden (C) ---
             accum = -437921871 (0xffffffffffffffffffffffffe5e5d7b1)
          shift_r1 =         24 (0x18)

[FAIL] t=250 | reset=1 init_acc=1 input_valid=0 Q=24

  --- inputs ---
             reset =          1 (0x1)
          init_acc =          1 (0x1)
       input_valid =          0 (0x0)
                 Q =         24 (0x18)
            input0 =      27723 (0x6c4b)
            input1 =      29523 (0x7353)
        init_value =      32767 (0x7fff)

  --- dut ---
             acc_w = -437921871 (0xffffffffe5e5d7b1)

  --- outputs ---
               out =          0 (0x0)
         out_exp_d =        -27 (0xffffffe5)
           out_exp =          0 (0x0)

  --- golden (C) ---
             accum =          0 (0x0)
          shift_r1 =          0 (0x0)

[PASS] t=260 | reset=0 init_acc=0 input_valid=1 Q=38

  --- inputs ---
             reset =          0 (0x0)
          init_acc =          0 (0x0)
       input_valid =          1 (0x1)
                 Q =         38 (0x26)
            input0 =       7234 (0x1c42)
            input1 =      14938 (0x3a5a)
        init_value =     -32423 (0xffff8159)

  --- dut ---
             acc_w =          0 (0x0)

  --- outputs ---
               out =          0 (0x0)
         out_exp_d =          0 (0x0)
           out_exp =          0 (0x0)

  --- golden (C) ---
             accum =  108061492 (0x670e334)
          shift_r1 =         38 (0x26)

[PASS] t=270 | reset=0 init_acc=0 input_valid=0 Q=7

  --- inputs ---
             reset =          0 (0x0)
          init_acc =          0 (0x0)
       input_valid =          0 (0x0)
                 Q =          7 (0x7)
            input0 =      32767 (0x7fff)
            input1 =     -32485 (0xffff811b)
        init_value =       5606 (0x15e6)

  --- dut ---
             acc_w =  108061492 (0x670e334)

  --- outputs ---
               out =          0 (0x0)
         out_exp_d =          0 (0x0)
           out_exp =          0 (0x0)

  --- golden (C) ---
             accum =  108061492 (0x670e334)
          shift_r1 =         38 (0x26)

[PASS] t=280 | reset=0 init_acc=0 input_valid=1 Q=29

  --- inputs ---
             reset =          0 (0x0)
          init_acc =          0 (0x0)
       input_valid =          1 (0x1)
                 Q =         29 (0x1d)
            input0 =     -29725 (0xffff8be3)
            input1 =       7687 (0x1e07)
        init_value =       7201 (0x1c21)

  --- dut ---
             acc_w =  108061492 (0x670e334)

  --- outputs ---
               out =          0 (0x0)
         out_exp_d =          0 (0x0)
           out_exp =         -1 (0xffffffff)

  --- golden (C) ---
             accum = -120434583 (0xfffffffffffffffffffffffff8d25069)
          shift_r1 =         29 (0x1d)

[FAIL] t=290 | reset=0 init_acc=0 input_valid=1 Q=11

  --- inputs ---
             reset =          0 (0x0)
          init_acc =          0 (0x0)
       input_valid =          1 (0x1)
                 Q =         11 (0xb)
            input0 =      -3756 (0xfffff154)
            input1 =      10517 (0x2915)
        init_value =     -21284 (0xffffacdc)

  --- dut ---
             acc_w = -120434583 (0xfffffffff8d25069)

  --- outputs ---
               out =     -32768 (0xffff8000)
         out_exp_d =         -1 (0xffffffff)
           out_exp =     -32768 (0xffff8000)

  --- golden (C) ---
             accum = -159936435 (0xfffffffffffffffffffffffff677904d)
          shift_r1 =         11 (0xb)

[PASS] t=300 | reset=0 init_acc=0 input_valid=0 Q=23

  --- inputs ---
             reset =          0 (0x0)
          init_acc =          0 (0x0)
       input_valid =          0 (0x0)
                 Q =         23 (0x17)
            input0 =       9279 (0x243f)
            input1 =      29073 (0x7191)
        init_value =     -26872 (0xffff9708)

  --- dut ---
             acc_w = -159936435 (0xfffffffff677904d)

  --- outputs ---
               out =     -32768 (0xffff8000)
         out_exp_d =     -32768 (0xffff8000)
           out_exp =     -32768 (0xffff8000)

  --- golden (C) ---
             accum = -159936435 (0xfffffffffffffffffffffffff677904d)
          shift_r1 =         11 (0xb)

[PASS] t=310 | reset=0 init_acc=0 input_valid=0 Q=3

  --- inputs ---
             reset =          0 (0x0)
          init_acc =          0 (0x0)
       input_valid =          0 (0x0)
                 Q =          3 (0x3)
            input0 =       3372 (0xd2c)
            input1 =      -5221 (0xffffeb9b)
        init_value =     -11759 (0xffffd211)

  --- dut ---
             acc_w = -159936435 (0xfffffffff677904d)

  --- outputs ---
               out =     -32768 (0xffff8000)
         out_exp_d =     -32768 (0xffff8000)
           out_exp =     -32768 (0xffff8000)

  --- golden (C) ---
             accum = -159936435 (0xfffffffffffffffffffffffff677904d)
          shift_r1 =         11 (0xb)

[FAIL] t=320 | reset=0 init_acc=1 input_valid=1 Q=44

  --- inputs ---
             reset =          0 (0x0)
          init_acc =          1 (0x1)
       input_valid =          1 (0x1)
                 Q =         44 (0x2c)
            input0 =     -30758 (0xffff87da)
            input1 =      -7353 (0xffffe347)
        init_value =      15973 (0x3e65)

  --- dut ---
             acc_w = -159936435 (0xfffffffff677904d)

  --- outputs ---
               out =         -1 (0xffffffff)
         out_exp_d =     -32768 (0xffff8000)
           out_exp =          0 (0x0)

  --- golden (C) ---
             accum =      15973 (0x3e65)
          shift_r1 =         44 (0x2c)

[FAIL] t=330 | reset=0 init_acc=0 input_valid=1 Q=11

  --- inputs ---
             reset =          0 (0x0)
          init_acc =          0 (0x0)
       input_valid =          1 (0x1)
                 Q =         11 (0xb)
            input0 =       5820 (0x16bc)
            input1 =      24823 (0x60f7)
        init_value =      17794 (0x4582)

  --- dut ---
             acc_w =      15973 (0x3e65)

  --- outputs ---
               out =          7 (0x7)
         out_exp_d =          0 (0x0)
           out_exp =      32767 (0x7fff)

  --- golden (C) ---
             accum =  144485833 (0x89cadc9)
          shift_r1 =         11 (0xb)

[PASS] t=340 | reset=0 init_acc=0 input_valid=0 Q=10

  --- inputs ---
             reset =          0 (0x0)
          init_acc =          0 (0x0)
       input_valid =          0 (0x0)
                 Q =         10 (0xa)
            input0 =      31205 (0x79e5)
            input1 =      -5039 (0xffffec51)
        init_value =      20206 (0x4eee)

  --- dut ---
             acc_w =  144485833 (0x89cadc9)

  --- outputs ---
               out =      32767 (0x7fff)
         out_exp_d =      32767 (0x7fff)
           out_exp =      32767 (0x7fff)

  --- golden (C) ---
             accum =  144485833 (0x89cadc9)
          shift_r1 =         11 (0xb)

[PASS] t=350 | reset=0 init_acc=0 input_valid=0 Q=18

  --- inputs ---
             reset =          0 (0x0)
          init_acc =          0 (0x0)
       input_valid =          0 (0x0)
                 Q =         18 (0x12)
            input0 =      18569 (0x4889)
            input1 =     -17253 (0xffffbc9b)
        init_value =     -30876 (0xffff8764)

  --- dut ---
             acc_w =  144485833 (0x89cadc9)

  --- outputs ---
               out =      32767 (0x7fff)
         out_exp_d =      32767 (0x7fff)
           out_exp =      32767 (0x7fff)

  --- golden (C) ---
             accum =  144485833 (0x89cadc9)
          shift_r1 =         11 (0xb)

[PASS] t=360 | reset=0 init_acc=0 input_valid=1 Q=6

  --- inputs ---
             reset =          0 (0x0)
          init_acc =          0 (0x0)
       input_valid =          1 (0x1)
                 Q =          6 (0x6)
            input0 =      -2743 (0xfffff549)
            input1 =      32767 (0x7fff)
        init_value =      30933 (0x78d5)

  --- dut ---
             acc_w =  144485833 (0x89cadc9)

  --- outputs ---
               out =      32767 (0x7fff)
         out_exp_d =      32767 (0x7fff)
           out_exp =      32767 (0x7fff)

  --- golden (C) ---
             accum =   54605952 (0x3413880)
          shift_r1 =          6 (0x6)

[PASS] t=370 | reset=0 init_acc=0 input_valid=0 Q=25

  --- inputs ---
             reset =          0 (0x0)
          init_acc =          0 (0x0)
       input_valid =          0 (0x0)
                 Q =         25 (0x19)
            input0 =     -23399 (0xffffa499)
            input1 =     -25430 (0xffff9caa)
        init_value =      22245 (0x56e5)

  --- dut ---
             acc_w =   54605952 (0x3413880)

  --- outputs ---
               out =      32767 (0x7fff)
         out_exp_d =      32767 (0x7fff)
           out_exp =      32767 (0x7fff)

  --- golden (C) ---
             accum =   54605952 (0x3413880)
          shift_r1 =          6 (0x6)

[PASS] t=380 | reset=0 init_acc=0 input_valid=0 Q=5

  --- inputs ---
             reset =          0 (0x0)
          init_acc =          0 (0x0)
       input_valid =          0 (0x0)
                 Q =          5 (0x5)
            input0 =     -17099 (0xffffbd35)
            input1 =     -21352 (0xffffac98)
        init_value =      32767 (0x7fff)

  --- dut ---
             acc_w =   54605952 (0x3413880)

  --- outputs ---
               out =      32767 (0x7fff)
         out_exp_d =      32767 (0x7fff)
           out_exp =      32767 (0x7fff)

  --- golden (C) ---
             accum =   54605952 (0x3413880)
          shift_r1 =          6 (0x6)

[PASS] t=390 | reset=0 init_acc=0 input_valid=0 Q=16

  --- inputs ---
             reset =          0 (0x0)
          init_acc =          0 (0x0)
       input_valid =          0 (0x0)
                 Q =         16 (0x10)
            input0 =      -7298 (0xffffe37e)
            input1 =      32460 (0x7ecc)
        init_value =      16704 (0x4140)

  --- dut ---
             acc_w =   54605952 (0x3413880)

  --- outputs ---
               out =      32767 (0x7fff)
         out_exp_d =      32767 (0x7fff)
           out_exp =      32767 (0x7fff)

  --- golden (C) ---
             accum =   54605952 (0x3413880)
          shift_r1 =          6 (0x6)

[FAIL] t=400 | reset=0 init_acc=0 input_valid=1 Q=38

  --- inputs ---
             reset =          0 (0x0)
          init_acc =          0 (0x0)
       input_valid =          1 (0x1)
                 Q =         38 (0x26)
            input0 =      -1813 (0xfffff8eb)
            input1 =      20514 (0x5022)
        init_value =      16902 (0x4206)

  --- dut ---
             acc_w =   54605952 (0x3413880)

  --- outputs ---
               out =          0 (0x0)
         out_exp_d =      32767 (0x7fff)
           out_exp =          0 (0x0)

  --- golden (C) ---
             accum =   17414070 (0x109b7b6)
          shift_r1 =         38 (0x26)

[PASS] t=410 | reset=0 init_acc=0 input_valid=1 Q=46

  --- inputs ---
             reset =          0 (0x0)
          init_acc =          0 (0x0)
       input_valid =          1 (0x1)
                 Q =         46 (0x2e)
            input0 =     -13417 (0xffffcb97)
            input1 =     -11817 (0xffffd1d7)
        init_value =     -32768 (0xffff8000)

  --- dut ---
             acc_w =   17414070 (0x109b7b6)

  --- outputs ---
               out =          0 (0x0)
         out_exp_d =          0 (0x0)
           out_exp =          0 (0x0)

  --- golden (C) ---
             accum =  175962759 (0xa7cfa87)
          shift_r1 =         46 (0x2e)

[FAIL] t=420 | reset=0 init_acc=0 input_valid=1 Q=2

  --- inputs ---
             reset =          0 (0x0)
          init_acc =          0 (0x0)
       input_valid =          1 (0x1)
                 Q =          2 (0x2)
            input0 =       9459 (0x24f3)
            input1 =     -23553 (0xffffa3ff)
        init_value =     -32768 (0xffff8000)

  --- dut ---
             acc_w =  175962759 (0xa7cfa87)

  --- outputs ---
               out =      32767 (0x7fff)
         out_exp_d =          0 (0x0)
           out_exp =     -32768 (0xffff8000)

  --- golden (C) ---
             accum =  -46825068 (0xfffffffffffffffffffffffffd358194)
          shift_r1 =          2 (0x2)

[FAIL] t=430 | reset=0 init_acc=0 input_valid=1 Q=38

  --- inputs ---
             reset =          0 (0x0)
          init_acc =          0 (0x0)
       input_valid =          1 (0x1)
                 Q =         38 (0x26)
            input0 =       7341 (0x1cad)
            input1 =       -700 (0xfffffd44)
        init_value =      26429 (0x673d)

  --- dut ---
             acc_w =  -46825068 (0xfffffffffd358194)

  --- outputs ---
               out =         -1 (0xffffffff)
         out_exp_d =     -32768 (0xffff8000)
           out_exp =         -1 (0xffffffff)

  --- golden (C) ---
             accum =  -51963768 (0xfffffffffffffffffffffffffce71888)
          shift_r1 =         38 (0x26)

[PASS] t=440 | reset=0 init_acc=0 input_valid=1 Q=26

  --- inputs ---
             reset =          0 (0x0)
          init_acc =          0 (0x0)
       input_valid =          1 (0x1)
                 Q =         26 (0x1a)
            input0 =      32767 (0x7fff)
            input1 =     -32768 (0xffff8000)
        init_value =     -29857 (0xffff8b5f)

  --- dut ---
             acc_w =  -51963768 (0xfffffffffce71888)

  --- outputs ---
               out =         -1 (0xffffffff)
         out_exp_d =         -1 (0xffffffff)
           out_exp =        -17 (0xffffffef)

  --- golden (C) ---
             accum = -1125672824 (0xffffffffffffffffffffffffbce79888)
          shift_r1 =         26 (0x1a)

[PASS] t=450 | reset=0 init_acc=0 input_valid=0 Q=26

  --- inputs ---
             reset =          0 (0x0)
          init_acc =          0 (0x0)
       input_valid =          0 (0x0)
                 Q =         26 (0x1a)
            input0 =      20389 (0x4fa5)
            input1 =     -14946 (0xffffc59e)
        init_value =        269 (0x10d)

  --- dut ---
             acc_w = -1125672824 (0xffffffffbce79888)

  --- outputs ---
               out =        -17 (0xffffffef)
         out_exp_d =        -17 (0xffffffef)
           out_exp =        -17 (0xffffffef)

  --- golden (C) ---
             accum = -1125672824 (0xffffffffffffffffffffffffbce79888)
          shift_r1 =         26 (0x1a)

[PASS] t=460 | reset=0 init_acc=0 input_valid=0 Q=14

  --- inputs ---
             reset =          0 (0x0)
          init_acc =          0 (0x0)
       input_valid =          0 (0x0)
                 Q =         14 (0xe)
            input0 =      11547 (0x2d1b)
            input1 =      27752 (0x6c68)
        init_value =     -15298 (0xffffc43e)

  --- dut ---
             acc_w = -1125672824 (0xffffffffbce79888)

  --- outputs ---
               out =        -17 (0xffffffef)
         out_exp_d =        -17 (0xffffffef)
           out_exp =        -17 (0xffffffef)

  --- golden (C) ---
             accum = -1125672824 (0xffffffffffffffffffffffffbce79888)
          shift_r1 =         26 (0x1a)

[PASS] t=470 | reset=0 init_acc=0 input_valid=0 Q=35

  --- inputs ---
             reset =          0 (0x0)
          init_acc =          0 (0x0)
       input_valid =          0 (0x0)
                 Q =         35 (0x23)
            input0 =      -6573 (0xffffe653)
            input1 =      12782 (0x31ee)
        init_value =     -24874 (0xffff9ed6)

  --- dut ---
             acc_w = -1125672824 (0xffffffffbce79888)

  --- outputs ---
               out =        -17 (0xffffffef)
         out_exp_d =        -17 (0xffffffef)
           out_exp =        -17 (0xffffffef)

  --- golden (C) ---
             accum = -1125672824 (0xffffffffffffffffffffffffbce79888)
          shift_r1 =         26 (0x1a)

[PASS] t=480 | reset=0 init_acc=0 input_valid=0 Q=25

  --- inputs ---
             reset =          0 (0x0)
          init_acc =          0 (0x0)
       input_valid =          0 (0x0)
                 Q =         25 (0x19)
            input0 =     -32768 (0xffff8000)
            input1 =     -10590 (0xffffd6a2)
        init_value =     -15621 (0xffffc2fb)

  --- dut ---
             acc_w = -1125672824 (0xffffffffbce79888)

  --- outputs ---
               out =        -17 (0xffffffef)
         out_exp_d =        -17 (0xffffffef)
           out_exp =        -17 (0xffffffef)

  --- golden (C) ---
             accum = -1125672824 (0xffffffffffffffffffffffffbce79888)
          shift_r1 =         26 (0x1a)

[FAIL] t=490 | reset=0 init_acc=0 input_valid=1 Q=21

  --- inputs ---
             reset =          0 (0x0)
          init_acc =          0 (0x0)
       input_valid =          1 (0x1)
                 Q =         21 (0x15)
            input0 =      12621 (0x314d)
            input1 =     -25523 (0xffff9c4d)
        init_value =       3454 (0xd7e)

  --- dut ---
             acc_w = -1125672824 (0xffffffffbce79888)

  --- outputs ---
               out =       -537 (0xfffffde7)
         out_exp_d =        -17 (0xffffffef)
           out_exp =       -691 (0xfffffd4d)

  --- golden (C) ---
             accum = -1447798607 (0xffffffffffffffffffffffffa9b458b1)
          shift_r1 =         21 (0x15)

[FAIL] t=500 | reset=0 init_acc=0 input_valid=1 Q=0

  --- inputs ---
             reset =          0 (0x0)
          init_acc =          0 (0x0)
       input_valid =          1 (0x1)
                 Q =          0 (0x0)
            input0 =       7234 (0x1c42)
            input1 =        111 (0x6f)
        init_value =      -8694 (0xffffde0a)

  --- dut ---
             acc_w = -1447798607 (0xffffffffa9b458b1)

  --- outputs ---
               out =     -32768 (0xffff8000)
         out_exp_d =       -691 (0xfffffd4d)
           out_exp =     -32768 (0xffff8000)

  --- golden (C) ---
             accum = -1446995633 (0xffffffffffffffffffffffffa9c0994f)
          shift_r1 =          0 (0x0)

[PASS] t=510 | reset=0 init_acc=0 input_valid=0 Q=20

  --- inputs ---
             reset =          0 (0x0)
          init_acc =          0 (0x0)
       input_valid =          0 (0x0)
                 Q =         20 (0x14)
            input0 =     -22749 (0xffffa723)
            input1 =       5017 (0x1399)
        init_value =       2141 (0x85d)

  --- dut ---
             acc_w = -1446995633 (0xffffffffa9c0994f)

  --- outputs ---
               out =     -32768 (0xffff8000)
         out_exp_d =     -32768 (0xffff8000)
           out_exp =     -32768 (0xffff8000)

  --- golden (C) ---
             accum = -1446995633 (0xffffffffffffffffffffffffa9c0994f)
          shift_r1 =          0 (0x0)

[PASS] t=520 | reset=0 init_acc=0 input_valid=0 Q=39

  --- inputs ---
             reset =          0 (0x0)
          init_acc =          0 (0x0)
       input_valid =          0 (0x0)
                 Q =         39 (0x27)
            input0 =      26007 (0x6597)
            input1 =        319 (0x13f)
        init_value =      -7446 (0xffffe2ea)

  --- dut ---
             acc_w = -1446995633 (0xffffffffa9c0994f)

  --- outputs ---
               out =     -32768 (0xffff8000)
         out_exp_d =     -32768 (0xffff8000)
           out_exp =     -32768 (0xffff8000)

  --- golden (C) ---
             accum = -1446995633 (0xffffffffffffffffffffffffa9c0994f)
          shift_r1 =          0 (0x0)

[PASS] t=530 | reset=0 init_acc=0 input_valid=1 Q=13

  --- inputs ---
             reset =          0 (0x0)
          init_acc =          0 (0x0)
       input_valid =          1 (0x1)
                 Q =         13 (0xd)
            input0 =      20887 (0x5197)
            input1 =      32767 (0x7fff)
        init_value =      21089 (0x5261)

  --- dut ---
             acc_w = -1446995633 (0xffffffffa9c0994f)

  --- outputs ---
               out =     -32768 (0xffff8000)
         out_exp_d =     -32768 (0xffff8000)
           out_exp =     -32768 (0xffff8000)

  --- golden (C) ---
             accum = -762591304 (0xffffffffffffffffffffffffd28bc7b8)
          shift_r1 =         13 (0xd)

[PASS] t=540 | reset=0 init_acc=0 input_valid=0 Q=34

  --- inputs ---
             reset =          0 (0x0)
          init_acc =          0 (0x0)
       input_valid =          0 (0x0)
                 Q =         34 (0x22)
            input0 =      32085 (0x7d55)
            input1 =     -32768 (0xffff8000)
        init_value =       -237 (0xffffff13)

  --- dut ---
             acc_w = -762591304 (0xffffffffd28bc7b8)

  --- outputs ---
               out =     -32768 (0xffff8000)
         out_exp_d =     -32768 (0xffff8000)
           out_exp =     -32768 (0xffff8000)

  --- golden (C) ---
             accum = -762591304 (0xffffffffffffffffffffffffd28bc7b8)
          shift_r1 =         13 (0xd)

[FAIL] t=550 | reset=0 init_acc=0 input_valid=1 Q=41

  --- inputs ---
             reset =          0 (0x0)
          init_acc =          0 (0x0)
       input_valid =          1 (0x1)
                 Q =         41 (0x29)
            input0 =      27909 (0x6d05)
            input1 =     -32768 (0xffff8000)
        init_value =      -3030 (0xfffff42a)

  --- dut ---
             acc_w = -762591304 (0xffffffffd28bc7b8)

  --- outputs ---
               out =         -1 (0xffffffff)
         out_exp_d =     -32768 (0xffff8000)
           out_exp =         -1 (0xffffffff)

  --- golden (C) ---
             accum = -1677113416 (0xffffffffffffffffffffffff9c0947b8)
          shift_r1 =         41 (0x29)

[PASS] t=560 | reset=0 init_acc=0 input_valid=0 Q=23

  --- inputs ---
             reset =          0 (0x0)
          init_acc =          0 (0x0)
       input_valid =          0 (0x0)
                 Q =         23 (0x17)
            input0 =     -24119 (0xffffa1c9)
            input1 =      -7302 (0xffffe37a)
        init_value =      32425 (0x7ea9)

  --- dut ---
             acc_w = -1677113416 (0xffffffff9c0947b8)

  --- outputs ---
               out =         -1 (0xffffffff)
         out_exp_d =         -1 (0xffffffff)
           out_exp =         -1 (0xffffffff)

  --- golden (C) ---
             accum = -1677113416 (0xffffffffffffffffffffffff9c0947b8)
          shift_r1 =         41 (0x29)

[FAIL] t=570 | reset=0 init_acc=0 input_valid=1 Q=12

  --- inputs ---
             reset =          0 (0x0)
          init_acc =          0 (0x0)
       input_valid =          1 (0x1)
                 Q =         12 (0xc)
            input0 =      18592 (0x48a0)
            input1 =     -16666 (0xffffbee6)
        init_value =     -26772 (0xffff976c)

  --- dut ---
             acc_w = -1677113416 (0xffffffff9c0947b8)

  --- outputs ---
               out =     -32768 (0xffff8000)
         out_exp_d =         -1 (0xffffffff)
           out_exp =     -32768 (0xffff8000)

  --- golden (C) ---
             accum = -1986967688 (0xffffffffffffffffffffffff89914778)
          shift_r1 =         12 (0xc)

[FAIL] t=580 | reset=0 init_acc=0 input_valid=1 Q=41

  --- inputs ---
             reset =          0 (0x0)
          init_acc =          0 (0x0)
       input_valid =          1 (0x1)
                 Q =         41 (0x29)
            input0 =     -32768 (0xffff8000)
            input1 =     -32768 (0xffff8000)
        init_value =      -7441 (0xffffe2ef)

  --- dut ---
             acc_w = -1986967688 (0xffffffff89914778)

  --- outputs ---
               out =         -1 (0xffffffff)
         out_exp_d =     -32768 (0xffff8000)
           out_exp =         -1 (0xffffffff)

  --- golden (C) ---
             accum = -913225864 (0xffffffffffffffffffffffffc9914778)
          shift_r1 =         41 (0x29)

[PASS] t=590 | reset=0 init_acc=0 input_valid=1 Q=44

  --- inputs ---
             reset =          0 (0x0)
          init_acc =          0 (0x0)
       input_valid =          1 (0x1)
                 Q =         44 (0x2c)
            input0 =       1918 (0x77e)
            input1 =       2246 (0x8c6)
        init_value =     -18936 (0xffffb608)

  --- dut ---
             acc_w = -913225864 (0xffffffffc9914778)

  --- outputs ---
               out =         -1 (0xffffffff)
         out_exp_d =         -1 (0xffffffff)
           out_exp =         -1 (0xffffffff)

  --- golden (C) ---
             accum = -908918036 (0xffffffffffffffffffffffffc9d302ec)
          shift_r1 =         44 (0x2c)

[PASS] t=600 | reset=0 init_acc=0 input_valid=1 Q=39

  --- inputs ---
             reset =          0 (0x0)
          init_acc =          0 (0x0)
       input_valid =          1 (0x1)
                 Q =         39 (0x27)
            input0 =      17920 (0x4600)
            input1 =     -19131 (0xffffb545)
        init_value =     -15541 (0xffffc34b)

  --- dut ---
             acc_w = -908918036 (0xffffffffc9d302ec)

  --- outputs ---
               out =         -1 (0xffffffff)
         out_exp_d =         -1 (0xffffffff)
           out_exp =         -1 (0xffffffff)

  --- golden (C) ---
             accum = -1251745556 (0xffffffffffffffffffffffffb563e0ec)
          shift_r1 =         39 (0x27)

[FAIL] t=610 | reset=0 init_acc=0 input_valid=1 Q=12

  --- inputs ---
             reset =          0 (0x0)
          init_acc =          0 (0x0)
       input_valid =          1 (0x1)
                 Q =         12 (0xc)
            input0 =     -17565 (0xffffbb63)
            input1 =      -9096 (0xffffdc78)
        init_value =       6446 (0x192e)

  --- dut ---
             acc_w = -1251745556 (0xffffffffb563e0ec)

  --- outputs ---
               out =     -32768 (0xffff8000)
         out_exp_d =         -1 (0xffffffff)
           out_exp =     -32768 (0xffff8000)

  --- golden (C) ---
             accum = -1091974316 (0xffffffffffffffffffffffffbee9cb54)
          shift_r1 =         12 (0xc)

[FAIL] t=620 | reset=0 init_acc=0 input_valid=1 Q=18

  --- inputs ---
             reset =          0 (0x0)
          init_acc =          0 (0x0)
       input_valid =          1 (0x1)
                 Q =         18 (0x12)
            input0 =     -22993 (0xffffa62f)
            input1 =      -6895 (0xffffe511)
        init_value =     -32768 (0xffff8000)

  --- dut ---
             acc_w = -1091974316 (0xffffffffbee9cb54)

  --- outputs ---
               out =      -4166 (0xffffefba)
         out_exp_d =     -32768 (0xffff8000)
           out_exp =      -3561 (0xfffff217)

  --- golden (C) ---
             accum = -933437581 (0xffffffffffffffffffffffffc85cdf73)
          shift_r1 =         18 (0x12)

[FAIL] t=630 | reset=0 init_acc=0 input_valid=1 Q=27

  --- inputs ---
             reset =          0 (0x0)
          init_acc =          0 (0x0)
       input_valid =          1 (0x1)
                 Q =         27 (0x1b)
            input0 =      27156 (0x6a14)
            input1 =     -18389 (0xffffb82b)
        init_value =      -2024 (0xfffff818)

  --- dut ---
             acc_w = -933437581 (0xffffffffc85cdf73)

  --- outputs ---
               out =         -7 (0xfffffff9)
         out_exp_d =      -3561 (0xfffff217)
           out_exp =        -11 (0xfffffff5)

  --- golden (C) ---
             accum = -1432809265 (0xffffffffffffffffffffffffaa9910cf)
          shift_r1 =         27 (0x1b)

[PASS] t=640 | reset=0 init_acc=0 input_valid=0 Q=37

  --- inputs ---
             reset =          0 (0x0)
          init_acc =          0 (0x0)
       input_valid =          0 (0x0)
                 Q =         37 (0x25)
            input0 =      16043 (0x3eab)
            input1 =      17884 (0x45dc)
        init_value =     -28938 (0xffff8ef6)

  --- dut ---
             acc_w = -1432809265 (0xffffffffaa9910cf)

  --- outputs ---
               out =        -11 (0xfffffff5)
         out_exp_d =        -11 (0xfffffff5)
           out_exp =        -11 (0xfffffff5)

  --- golden (C) ---
             accum = -1432809265 (0xffffffffffffffffffffffffaa9910cf)
          shift_r1 =         27 (0x1b)

[PASS] t=650 | reset=0 init_acc=0 input_valid=0 Q=45

  --- inputs ---
             reset =          0 (0x0)
          init_acc =          0 (0x0)
       input_valid =          0 (0x0)
                 Q =         45 (0x2d)
            input0 =     -27052 (0xffff9654)
            input1 =     -25229 (0xffff9d73)
        init_value =     -23510 (0xffffa42a)

  --- dut ---
             acc_w = -1432809265 (0xffffffffaa9910cf)

  --- outputs ---
               out =        -11 (0xfffffff5)
         out_exp_d =        -11 (0xfffffff5)
           out_exp =        -11 (0xfffffff5)

  --- golden (C) ---
             accum = -1432809265 (0xffffffffffffffffffffffffaa9910cf)
          shift_r1 =         27 (0x1b)

[FAIL] t=660 | reset=0 init_acc=0 input_valid=1 Q=12

  --- inputs ---
             reset =          0 (0x0)
          init_acc =          0 (0x0)
       input_valid =          1 (0x1)
                 Q =         12 (0xc)
            input0 =     -17655 (0xffffbb09)
            input1 =     -30462 (0xffff8902)
        init_value =     -25292 (0xffff9d34)

  --- dut ---
             acc_w = -1432809265 (0xffffffffaa9910cf)

  --- outputs ---
               out =     -32768 (0xffff8000)
         out_exp_d =        -11 (0xfffffff5)
           out_exp =     -32768 (0xffff8000)

  --- golden (C) ---
             accum = -895002655 (0xffffffffffffffffffffffffcaa757e1)
          shift_r1 =         12 (0xc)

[FAIL] t=670 | reset=0 init_acc=0 input_valid=1 Q=27

  --- inputs ---
             reset =          0 (0x0)
          init_acc =          0 (0x0)
       input_valid =          1 (0x1)
                 Q =         27 (0x1b)
            input0 =      -4483 (0xffffee7d)
            input1 =      24685 (0x606d)
        init_value =      25700 (0x6464)

  --- dut ---
             acc_w = -895002655 (0xffffffffcaa757e1)

  --- outputs ---
               out =         -7 (0xfffffff9)
         out_exp_d =     -32768 (0xffff8000)
           out_exp =         -8 (0xfffffff8)

  --- golden (C) ---
             accum = -1005665510 (0xffffffffffffffffffffffffc40ec31a)
          shift_r1 =         27 (0x1b)

[FAIL] t=680 | reset=0 init_acc=0 input_valid=1 Q=14

  --- inputs ---
             reset =          0 (0x0)
          init_acc =          0 (0x0)
       input_valid =          1 (0x1)
                 Q =         14 (0xe)
            input0 =     -13381 (0xffffcbbb)
            input1 =       6060 (0x17ac)
        init_value =       -110 (0xffffff92)

  --- dut ---
             acc_w = -1005665510 (0xffffffffc40ec31a)

  --- outputs ---
               out =     -32768 (0xffff8000)
         out_exp_d =         -8 (0xfffffff8)
           out_exp =     -32768 (0xffff8000)

  --- golden (C) ---
             accum = -1086754370 (0xffffffffffffffffffffffffbf3971be)
          shift_r1 =         14 (0xe)

[PASS] t=690 | reset=0 init_acc=0 input_valid=0 Q=9

  --- inputs ---
             reset =          0 (0x0)
          init_acc =          0 (0x0)
       input_valid =          0 (0x0)
                 Q =          9 (0x9)
            input0 =     -15763 (0xffffc26d)
            input1 =      22608 (0x5850)
        init_value =      32738 (0x7fe2)

  --- dut ---
             acc_w = -1086754370 (0xffffffffbf3971be)

  --- outputs ---
               out =     -32768 (0xffff8000)
         out_exp_d =     -32768 (0xffff8000)
           out_exp =     -32768 (0xffff8000)

  --- golden (C) ---
             accum = -1086754370 (0xffffffffffffffffffffffffbf3971be)
          shift_r1 =         14 (0xe)

[FAIL] t=700 | reset=0 init_acc=0 input_valid=1 Q=43

  --- inputs ---
             reset =          0 (0x0)
          init_acc =          0 (0x0)
       input_valid =          1 (0x1)
                 Q =         43 (0x2b)
            input0 =       3439 (0xd6f)
            input1 =     -19135 (0xffffb541)
        init_value =      -1211 (0xfffffb45)

  --- dut ---
             acc_w = -1086754370 (0xffffffffbf3971be)

  --- outputs ---
               out =         -1 (0xffffffff)
         out_exp_d =     -32768 (0xffff8000)
           out_exp =         -1 (0xffffffff)

  --- golden (C) ---
             accum = -1152559635 (0xffffffffffffffffffffffffbb4d55ed)
          shift_r1 =         43 (0x2b)

[PASS] t=710 | reset=0 init_acc=0 input_valid=0 Q=22

  --- inputs ---
             reset =          0 (0x0)
          init_acc =          0 (0x0)
       input_valid =          0 (0x0)
                 Q =         22 (0x16)
            input0 =      23150 (0x5a6e)
            input1 =      -1305 (0xfffffae7)
        init_value =      12681 (0x3189)

  --- dut ---
             acc_w = -1152559635 (0xffffffffbb4d55ed)

  --- outputs ---
               out =         -1 (0xffffffff)
         out_exp_d =         -1 (0xffffffff)
           out_exp =         -1 (0xffffffff)

  --- golden (C) ---
             accum = -1152559635 (0xffffffffffffffffffffffffbb4d55ed)
          shift_r1 =         43 (0x2b)

[FAIL] t=720 | reset=0 init_acc=0 input_valid=1 Q=19

  --- inputs ---
             reset =          0 (0x0)
          init_acc =          0 (0x0)
       input_valid =          1 (0x1)
                 Q =         19 (0x13)
            input0 =     -26616 (0xffff9808)
            input1 =      30061 (0x756d)
        init_value =     -21611 (0xffffab95)

  --- dut ---
             acc_w = -1152559635 (0xffffffffbb4d55ed)

  --- outputs ---
               out =      -2199 (0xfffff769)
         out_exp_d =         -1 (0xffffffff)
           out_exp =      -3725 (0xfffff173)

  --- golden (C) ---
             accum = -1952663211 (0xffffffffffffffffffffffff8b9cb955)
          shift_r1 =         19 (0x13)

[FAIL] t=730 | reset=0 init_acc=0 input_valid=1 Q=2

  --- inputs ---
             reset =          0 (0x0)
          init_acc =          0 (0x0)
       input_valid =          1 (0x1)
                 Q =          2 (0x2)
            input0 =      -7916 (0xffffe114)
            input1 =      16719 (0x414f)
        init_value =      21722 (0x54da)

  --- dut ---
             acc_w = -1952663211 (0xffffffff8b9cb955)

  --- outputs ---
               out =     -32768 (0xffff8000)
         out_exp_d =      -3725 (0xfffff173)
           out_exp =     -32768 (0xffff8000)

  --- golden (C) ---
             accum = -2085010815 (0xffffffffffffffffffffffff83b94281)
          shift_r1 =          2 (0x2)

[PASS] t=740 | reset=0 init_acc=0 input_valid=0 Q=23

  --- inputs ---
             reset =          0 (0x0)
          init_acc =          0 (0x0)
       input_valid =          0 (0x0)
                 Q =         23 (0x17)
            input0 =      17925 (0x4605)
            input1 =     -18075 (0xffffb965)
        init_value =       4821 (0x12d5)

  --- dut ---
             acc_w = -2085010815 (0xffffffff83b94281)

  --- outputs ---
               out =     -32768 (0xffff8000)
         out_exp_d =     -32768 (0xffff8000)
           out_exp =     -32768 (0xffff8000)

  --- golden (C) ---
             accum = -2085010815 (0xffffffffffffffffffffffff83b94281)
          shift_r1 =          2 (0x2)

[FAIL] t=750 | reset=0 init_acc=0 input_valid=1 Q=29

  --- inputs ---
             reset =          0 (0x0)
          init_acc =          0 (0x0)
       input_valid =          1 (0x1)
                 Q =         29 (0x1d)
            input0 =     -24662 (0xffff9faa)
            input1 =      12879 (0x324f)
        init_value =     -32096 (0xffff82a0)

  --- dut ---
             acc_w = -2085010815 (0xffffffff83b94281)

  --- outputs ---
               out =         -4 (0xfffffffc)
         out_exp_d =     -32768 (0xffff8000)
           out_exp =         -5 (0xfffffffb)

  --- golden (C) ---
             accum = -2402632713 (0xffffffffffffffffffffffff70cabbf7)
          shift_r1 =         29 (0x1d)

[PASS] t=760 | reset=0 init_acc=0 input_valid=0 Q=21

  --- inputs ---
             reset =          0 (0x0)
          init_acc =          0 (0x0)
       input_valid =          0 (0x0)
                 Q =         21 (0x15)
            input0 =       2052 (0x804)
            input1 =      12624 (0x3150)
        init_value =      -1090 (0xfffffbbe)

  --- dut ---
             acc_w = -2402632713 (0xffffffff70cabbf7)

  --- outputs ---
               out =         -5 (0xfffffffb)
         out_exp_d =         -5 (0xfffffffb)
           out_exp =         -5 (0xfffffffb)

  --- golden (C) ---
             accum = -2402632713 (0xffffffffffffffffffffffff70cabbf7)
          shift_r1 =         29 (0x1d)

[PASS] t=770 | reset=0 init_acc=0 input_valid=0 Q=32

  --- inputs ---
             reset =          0 (0x0)
          init_acc =          0 (0x0)
       input_valid =          0 (0x0)
                 Q =         32 (0x20)
            input0 =      -4262 (0xffffef5a)
            input1 =     -17737 (0xffffbab7)
        init_value =       9131 (0x23ab)

  --- dut ---
             acc_w = -2402632713 (0xffffffff70cabbf7)

  --- outputs ---
               out =         -5 (0xfffffffb)
         out_exp_d =         -5 (0xfffffffb)
           out_exp =         -5 (0xfffffffb)

  --- golden (C) ---
             accum = -2402632713 (0xffffffffffffffffffffffff70cabbf7)
          shift_r1 =         29 (0x1d)

[PASS] t=780 | reset=0 init_acc=0 input_valid=0 Q=32

  --- inputs ---
             reset =          0 (0x0)
          init_acc =          0 (0x0)
       input_valid =          0 (0x0)
                 Q =         32 (0x20)
            input0 =      12054 (0x2f16)
            input1 =      30025 (0x7549)
        init_value =      -5147 (0xffffebe5)

  --- dut ---
             acc_w = -2402632713 (0xffffffff70cabbf7)

  --- outputs ---
               out =         -5 (0xfffffffb)
         out_exp_d =         -5 (0xfffffffb)
           out_exp =         -5 (0xfffffffb)

  --- golden (C) ---
             accum = -2402632713 (0xffffffffffffffffffffffff70cabbf7)
          shift_r1 =         29 (0x1d)

[PASS] t=790 | reset=0 init_acc=0 input_valid=0 Q=15

  --- inputs ---
             reset =          0 (0x0)
          init_acc =          0 (0x0)
       input_valid =          0 (0x0)
                 Q =         15 (0xf)
            input0 =      19647 (0x4cbf)
            input1 =     -32768 (0xffff8000)
        init_value =     -11638 (0xffffd28a)

  --- dut ---
             acc_w = -2402632713 (0xffffffff70cabbf7)

  --- outputs ---
               out =         -5 (0xfffffffb)
         out_exp_d =         -5 (0xfffffffb)
           out_exp =         -5 (0xfffffffb)

  --- golden (C) ---
             accum = -2402632713 (0xffffffffffffffffffffffff70cabbf7)
          shift_r1 =         29 (0x1d)

[PASS] t=800 | reset=0 init_acc=0 input_valid=0 Q=1

  --- inputs ---
             reset =          0 (0x0)
          init_acc =          0 (0x0)
       input_valid =          0 (0x0)
                 Q =          1 (0x1)
            input0 =     -27689 (0xffff93d7)
            input1 =       4306 (0x10d2)
        init_value =      -7996 (0xffffe0c4)

  --- dut ---
             acc_w = -2402632713 (0xffffffff70cabbf7)

  --- outputs ---
               out =         -5 (0xfffffffb)
         out_exp_d =         -5 (0xfffffffb)
           out_exp =         -5 (0xfffffffb)

  --- golden (C) ---
             accum = -2402632713 (0xffffffffffffffffffffffff70cabbf7)
          shift_r1 =         29 (0x1d)

[FAIL] t=810 | reset=0 init_acc=0 input_valid=1 Q=44

  --- inputs ---
             reset =          0 (0x0)
          init_acc =          0 (0x0)
       input_valid =          1 (0x1)
                 Q =         44 (0x2c)
            input0 =      15942 (0x3e46)
            input1 =     -10292 (0xffffd7cc)
        init_value =     -16600 (0xffffbf28)

  --- dut ---
             acc_w = -2402632713 (0xffffffff70cabbf7)

  --- outputs ---
               out =         -1 (0xffffffff)
         out_exp_d =         -5 (0xfffffffb)
           out_exp =         -1 (0xffffffff)

  --- golden (C) ---
             accum = -2566707777 (0xffffffffffffffffffffffff670325bf)
          shift_r1 =         44 (0x2c)

[PASS] t=820 | reset=0 init_acc=0 input_valid=0 Q=13

  --- inputs ---
             reset =          0 (0x0)
          init_acc =          0 (0x0)
       input_valid =          0 (0x0)
                 Q =         13 (0xd)
            input0 =     -12127 (0xffffd0a1)
            input1 =      32767 (0x7fff)
        init_value =      -6958 (0xffffe4d2)

  --- dut ---
             acc_w = -2566707777 (0xffffffff670325bf)

  --- outputs ---
               out =         -1 (0xffffffff)
         out_exp_d =         -1 (0xffffffff)
           out_exp =         -1 (0xffffffff)

  --- golden (C) ---
             accum = -2566707777 (0xffffffffffffffffffffffff670325bf)
          shift_r1 =         44 (0x2c)

[PASS] t=830 | reset=0 init_acc=0 input_valid=0 Q=40

  --- inputs ---
             reset =          0 (0x0)
          init_acc =          0 (0x0)
       input_valid =          0 (0x0)
                 Q =         40 (0x28)
            input0 =       4814 (0x12ce)
            input1 =     -16419 (0xffffbfdd)
        init_value =      11327 (0x2c3f)

  --- dut ---
             acc_w = -2566707777 (0xffffffff670325bf)

  --- outputs ---
               out =         -1 (0xffffffff)
         out_exp_d =         -1 (0xffffffff)
           out_exp =         -1 (0xffffffff)

  --- golden (C) ---
             accum = -2566707777 (0xffffffffffffffffffffffff670325bf)
          shift_r1 =         44 (0x2c)

[PASS] t=840 | reset=0 init_acc=0 input_valid=0 Q=11

  --- inputs ---
             reset =          0 (0x0)
          init_acc =          0 (0x0)
       input_valid =          0 (0x0)
                 Q =         11 (0xb)
            input0 =       -651 (0xfffffd75)
            input1 =      -9453 (0xffffdb13)
        init_value =      17392 (0x43f0)

  --- dut ---
             acc_w = -2566707777 (0xffffffff670325bf)

  --- outputs ---
               out =         -1 (0xffffffff)
         out_exp_d =         -1 (0xffffffff)
           out_exp =         -1 (0xffffffff)

  --- golden (C) ---
             accum = -2566707777 (0xffffffffffffffffffffffff670325bf)
          shift_r1 =         44 (0x2c)

[PASS] t=850 | reset=0 init_acc=0 input_valid=0 Q=15

  --- inputs ---
             reset =          0 (0x0)
          init_acc =          0 (0x0)
       input_valid =          0 (0x0)
                 Q =         15 (0xf)
            input0 =     -32768 (0xffff8000)
            input1 =      11575 (0x2d37)
        init_value =     -32137 (0xffff8277)

  --- dut ---
             acc_w = -2566707777 (0xffffffff670325bf)

  --- outputs ---
               out =         -1 (0xffffffff)
         out_exp_d =         -1 (0xffffffff)
           out_exp =         -1 (0xffffffff)

  --- golden (C) ---
             accum = -2566707777 (0xffffffffffffffffffffffff670325bf)
          shift_r1 =         44 (0x2c)

[PASS] t=860 | reset=0 init_acc=0 input_valid=1 Q=34

  --- inputs ---
             reset =          0 (0x0)
          init_acc =          0 (0x0)
       input_valid =          1 (0x1)
                 Q =         34 (0x22)
            input0 =      27206 (0x6a46)
            input1 =      32767 (0x7fff)
        init_value =     -21064 (0xffffadb8)

  --- dut ---
             acc_w = -2566707777 (0xffffffff670325bf)

  --- outputs ---
               out =         -1 (0xffffffff)
         out_exp_d =         -1 (0xffffffff)
           out_exp =         -1 (0xffffffff)

  --- golden (C) ---
             accum = -1675248775 (0xffffffffffffffffffffffff9c25bb79)
          shift_r1 =         34 (0x22)

[PASS] t=870 | reset=0 init_acc=0 input_valid=1 Q=31

  --- inputs ---
             reset =          0 (0x0)
          init_acc =          0 (0x0)
       input_valid =          1 (0x1)
                 Q =         31 (0x1f)
            input0 =     -15523 (0xffffc35d)
            input1 =        379 (0x17b)
        init_value =       1205 (0x4b5)

  --- dut ---
             acc_w = -1675248775 (0xffffffff9c25bb79)

  --- outputs ---
               out =         -1 (0xffffffff)
         out_exp_d =         -1 (0xffffffff)
           out_exp =         -1 (0xffffffff)

  --- golden (C) ---
             accum = -1681131992 (0xffffffffffffffffffffffff9bcbf628)
          shift_r1 =         31 (0x1f)

[PASS] t=880 | reset=0 init_acc=0 input_valid=0 Q=18

  --- inputs ---
             reset =          0 (0x0)
          init_acc =          0 (0x0)
       input_valid =          0 (0x0)
                 Q =         18 (0x12)
            input0 =        425 (0x1a9)
            input1 =     -24759 (0xffff9f49)
        init_value =      16247 (0x3f77)

  --- dut ---
             acc_w = -1681131992 (0xffffffff9bcbf628)

  --- outputs ---
               out =         -1 (0xffffffff)
         out_exp_d =         -1 (0xffffffff)
           out_exp =         -1 (0xffffffff)

  --- golden (C) ---
             accum = -1681131992 (0xffffffffffffffffffffffff9bcbf628)
          shift_r1 =         31 (0x1f)

[PASS] t=890 | reset=0 init_acc=0 input_valid=1 Q=41

  --- inputs ---
             reset =          0 (0x0)
          init_acc =          0 (0x0)
       input_valid =          1 (0x1)
                 Q =         41 (0x29)
            input0 =      14793 (0x39c9)
            input1 =     -30344 (0xffff8978)
        init_value =      10928 (0x2ab0)

  --- dut ---
             acc_w = -1681131992 (0xffffffff9bcbf628)

  --- outputs ---
               out =         -1 (0xffffffff)
         out_exp_d =         -1 (0xffffffff)
           out_exp =         -1 (0xffffffff)

  --- golden (C) ---
             accum = -2130010784 (0xffffffffffffffffffffffff810a9d60)
          shift_r1 =         41 (0x29)

[PASS] t=900 | reset=0 init_acc=0 input_valid=0 Q=44

  --- inputs ---
             reset =          0 (0x0)
          init_acc =          0 (0x0)
       input_valid =          0 (0x0)
                 Q =         44 (0x2c)
            input0 =      15558 (0x3cc6)
            input1 =       4266 (0x10aa)
        init_value =      -1868 (0xfffff8b4)

  --- dut ---
             acc_w = -2130010784 (0xffffffff810a9d60)

  --- outputs ---
               out =         -1 (0xffffffff)
         out_exp_d =         -1 (0xffffffff)
           out_exp =         -1 (0xffffffff)

  --- golden (C) ---
             accum = -2130010784 (0xffffffffffffffffffffffff810a9d60)
          shift_r1 =         41 (0x29)

[PASS] t=910 | reset=0 init_acc=0 input_valid=0 Q=30

  --- inputs ---
             reset =          0 (0x0)
          init_acc =          0 (0x0)
       input_valid =          0 (0x0)
                 Q =         30 (0x1e)
            input0 =      24994 (0x61a2)
            input1 =      29105 (0x71b1)
        init_value =     -32768 (0xffff8000)

  --- dut ---
             acc_w = -2130010784 (0xffffffff810a9d60)

  --- outputs ---
               out =         -1 (0xffffffff)
         out_exp_d =         -1 (0xffffffff)
           out_exp =         -1 (0xffffffff)

  --- golden (C) ---
             accum = -2130010784 (0xffffffffffffffffffffffff810a9d60)
          shift_r1 =         41 (0x29)

[FAIL] t=920 | reset=0 init_acc=0 input_valid=1 Q=3

  --- inputs ---
             reset =          0 (0x0)
          init_acc =          0 (0x0)
       input_valid =          1 (0x1)
                 Q =          3 (0x3)
            input0 =       3164 (0xc5c)
            input1 =     -32441 (0xffff8147)
        init_value =      -4031 (0xfffff041)

  --- dut ---
             acc_w = -2130010784 (0xffffffff810a9d60)

  --- outputs ---
               out =     -32768 (0xffff8000)
         out_exp_d =         -1 (0xffffffff)
           out_exp =     -32768 (0xffff8000)

  --- golden (C) ---
             accum = -2232654108 (0xffffffffffffffffffffffff7aec66e4)
          shift_r1 =          3 (0x3)

[PASS] t=930 | reset=0 init_acc=0 input_valid=1 Q=1

  --- inputs ---
             reset =          0 (0x0)
          init_acc =          0 (0x0)
       input_valid =          1 (0x1)
                 Q =          1 (0x1)
            input0 =      24474 (0x5f9a)
            input1 =      -1797 (0xfffff8fb)
        init_value =      12761 (0x31d9)

  --- dut ---
             acc_w = -2232654108 (0xffffffff7aec66e4)

  --- outputs ---
               out =     -32768 (0xffff8000)
         out_exp_d =     -32768 (0xffff8000)
           out_exp =     -32768 (0xffff8000)

  --- golden (C) ---
             accum = -2276633886 (0xffffffffffffffffffffffff784d52e2)
          shift_r1 =          1 (0x1)

[PASS] t=940 | reset=0 init_acc=0 input_valid=0 Q=0

  --- inputs ---
             reset =          0 (0x0)
          init_acc =          0 (0x0)
       input_valid =          0 (0x0)
                 Q =          0 (0x0)
            input0 =      -2937 (0xfffff487)
            input1 =      32219 (0x7ddb)
        init_value =      -3271 (0xfffff339)

  --- dut ---
             acc_w = -2276633886 (0xffffffff784d52e2)

  --- outputs ---
               out =     -32768 (0xffff8000)
         out_exp_d =     -32768 (0xffff8000)
           out_exp =     -32768 (0xffff8000)

  --- golden (C) ---
             accum = -2276633886 (0xffffffffffffffffffffffff784d52e2)
          shift_r1 =          1 (0x1)

[PASS] t=950 | reset=0 init_acc=0 input_valid=0 Q=47

  --- inputs ---
             reset =          0 (0x0)
          init_acc =          0 (0x0)
       input_valid =          0 (0x0)
                 Q =         47 (0x2f)
            input0 =       4778 (0x12aa)
            input1 =       5463 (0x1557)
        init_value =     -32768 (0xffff8000)

  --- dut ---
             acc_w = -2276633886 (0xffffffff784d52e2)

  --- outputs ---
               out =     -32768 (0xffff8000)
         out_exp_d =     -32768 (0xffff8000)
           out_exp =     -32768 (0xffff8000)

  --- golden (C) ---
             accum = -2276633886 (0xffffffffffffffffffffffff784d52e2)
          shift_r1 =          1 (0x1)

[PASS] t=960 | reset=0 init_acc=0 input_valid=0 Q=24

  --- inputs ---
             reset =          0 (0x0)
          init_acc =          0 (0x0)
       input_valid =          0 (0x0)
                 Q =         24 (0x18)
            input0 =      32767 (0x7fff)
            input1 =     -16395 (0xffffbff5)
        init_value =      -8242 (0xffffdfce)

  --- dut ---
             acc_w = -2276633886 (0xffffffff784d52e2)

  --- outputs ---
               out =     -32768 (0xffff8000)
         out_exp_d =     -32768 (0xffff8000)
           out_exp =     -32768 (0xffff8000)

  --- golden (C) ---
             accum = -2276633886 (0xffffffffffffffffffffffff784d52e2)
          shift_r1 =          1 (0x1)

[PASS] t=970 | reset=0 init_acc=0 input_valid=0 Q=28

  --- inputs ---
             reset =          0 (0x0)
          init_acc =          0 (0x0)
       input_valid =          0 (0x0)
                 Q =         28 (0x1c)
            input0 =     -26800 (0xffff9750)
            input1 =      13581 (0x350d)
        init_value =      -9835 (0xffffd995)

  --- dut ---
             acc_w = -2276633886 (0xffffffff784d52e2)

  --- outputs ---
               out =     -32768 (0xffff8000)
         out_exp_d =     -32768 (0xffff8000)
           out_exp =     -32768 (0xffff8000)

  --- golden (C) ---
             accum = -2276633886 (0xffffffffffffffffffffffff784d52e2)
          shift_r1 =          1 (0x1)

[PASS] t=980 | reset=0 init_acc=0 input_valid=0 Q=36

  --- inputs ---
             reset =          0 (0x0)
          init_acc =          0 (0x0)
       input_valid =          0 (0x0)
                 Q =         36 (0x24)
            input0 =       9572 (0x2564)
            input1 =       2940 (0xb7c)
        init_value =      13546 (0x34ea)

  --- dut ---
             acc_w = -2276633886 (0xffffffff784d52e2)

  --- outputs ---
               out =     -32768 (0xffff8000)
         out_exp_d =     -32768 (0xffff8000)
           out_exp =     -32768 (0xffff8000)

  --- golden (C) ---
             accum = -2276633886 (0xffffffffffffffffffffffff784d52e2)
          shift_r1 =          1 (0x1)

[PASS] t=990 | reset=0 init_acc=0 input_valid=0 Q=8

  --- inputs ---
             reset =          0 (0x0)
          init_acc =          0 (0x0)
       input_valid =          0 (0x0)
                 Q =          8 (0x8)
            input0 =     -32768 (0xffff8000)
            input1 =      18737 (0x4931)
        init_value =       9807 (0x264f)

  --- dut ---
             acc_w = -2276633886 (0xffffffff784d52e2)

  --- outputs ---
               out =     -32768 (0xffff8000)
         out_exp_d =     -32768 (0xffff8000)
           out_exp =     -32768 (0xffff8000)

  --- golden (C) ---
             accum = -2276633886 (0xffffffffffffffffffffffff784d52e2)
          shift_r1 =          1 (0x1)

[PASS] t=1000 | reset=0 init_acc=0 input_valid=0 Q=5

  --- inputs ---
             reset =          0 (0x0)
          init_acc =          0 (0x0)
       input_valid =          0 (0x0)
                 Q =          5 (0x5)
            input0 =       3665 (0xe51)
            input1 =      15463 (0x3c67)
        init_value =      21750 (0x54f6)

  --- dut ---
             acc_w = -2276633886 (0xffffffff784d52e2)

  --- outputs ---
               out =     -32768 (0xffff8000)
         out_exp_d =     -32768 (0xffff8000)
           out_exp =     -32768 (0xffff8000)

  --- golden (C) ---
             accum = -2276633886 (0xffffffffffffffffffffffff784d52e2)
          shift_r1 =          1 (0x1)

[PASS] t=1010 | reset=0 init_acc=0 input_valid=0 Q=18

  --- inputs ---
             reset =          0 (0x0)
          init_acc =          0 (0x0)
       input_valid =          0 (0x0)
                 Q =         18 (0x12)
            input0 =     -11594 (0xffffd2b6)
            input1 =     -10319 (0xffffd7b1)
        init_value =      13530 (0x34da)

  --- dut ---
             acc_w = -2276633886 (0xffffffff784d52e2)

  --- outputs ---
               out =     -32768 (0xffff8000)
         out_exp_d =     -32768 (0xffff8000)
           out_exp =     -32768 (0xffff8000)

  --- golden (C) ---
             accum = -2276633886 (0xffffffffffffffffffffffff784d52e2)
          shift_r1 =          1 (0x1)

[PASS] t=1020 | reset=0 init_acc=0 input_valid=0 Q=45

  --- inputs ---
             reset =          0 (0x0)
          init_acc =          0 (0x0)
       input_valid =          0 (0x0)
                 Q =         45 (0x2d)
            input0 =      32767 (0x7fff)
            input1 =      10752 (0x2a00)
        init_value =     -27168 (0xffff95e0)

  --- dut ---
             acc_w = -2276633886 (0xffffffff784d52e2)

  --- outputs ---
               out =     -32768 (0xffff8000)
         out_exp_d =     -32768 (0xffff8000)
           out_exp =     -32768 (0xffff8000)

  --- golden (C) ---
             accum = -2276633886 (0xffffffffffffffffffffffff784d52e2)
          shift_r1 =          1 (0x1)

[PASS] t=1030 | reset=0 init_acc=0 input_valid=1 Q=10

  --- inputs ---
             reset =          0 (0x0)
          init_acc =          0 (0x0)
       input_valid =          1 (0x1)
                 Q =         10 (0xa)
            input0 =     -22389 (0xffffa88b)
            input1 =      -2556 (0xfffff604)
        init_value =       -241 (0xffffff0f)

  --- dut ---
             acc_w = -2276633886 (0xffffffff784d52e2)

  --- outputs ---
               out =     -32768 (0xffff8000)
         out_exp_d =     -32768 (0xffff8000)
           out_exp =     -32768 (0xffff8000)

  --- golden (C) ---
             accum = -2219407602 (0xffffffffffffffffffffffff7bb6870e)
          shift_r1 =         10 (0xa)

[FAIL] t=1040 | reset=0 init_acc=0 input_valid=1 Q=24

  --- inputs ---
             reset =          0 (0x0)
          init_acc =          0 (0x0)
       input_valid =          1 (0x1)
                 Q =         24 (0x18)
            input0 =     -23485 (0xffffa443)
            input1 =       3378 (0xd32)
        init_value =      26503 (0x6787)

  --- dut ---
             acc_w = -2219407602 (0xffffffff7bb6870e)

  --- outputs ---
               out =       -133 (0xffffff7b)
         out_exp_d =     -32768 (0xffff8000)
           out_exp =       -138 (0xffffff76)

  --- golden (C) ---
             accum = -2298739932 (0xffffffffffffffffffffffff76fc0324)
          shift_r1 =         24 (0x18)

[FAIL] t=1050 | reset=0 init_acc=0 input_valid=1 Q=29

  --- inputs ---
             reset =          0 (0x0)
          init_acc =          0 (0x0)
       input_valid =          1 (0x1)
                 Q =         29 (0x1d)
            input0 =      21380 (0x5384)
            input1 =       7187 (0x1c13)
        init_value =     -21812 (0xffffaacc)

  --- dut ---
             acc_w = -2298739932 (0xffffffff76fc0324)

  --- outputs ---
               out =         -5 (0xfffffffb)
         out_exp_d =       -138 (0xffffff76)
           out_exp =         -4 (0xfffffffc)

  --- golden (C) ---
             accum = -2145081872 (0xffffffffffffffffffffffff8024a5f0)
          shift_r1 =         29 (0x1d)

[FAIL] t=1060 | reset=0 init_acc=0 input_valid=1 Q=43

  --- inputs ---
             reset =          0 (0x0)
          init_acc =          0 (0x0)
       input_valid =          1 (0x1)
                 Q =         43 (0x2b)
            input0 =       9958 (0x26e6)
            input1 =     -15586 (0xffffc31e)
        init_value =       -891 (0xfffffc85)

  --- dut ---
             acc_w = -2145081872 (0xffffffff8024a5f0)

  --- outputs ---
               out =         -1 (0xffffffff)
         out_exp_d =         -4 (0xfffffffc)
           out_exp =         -1 (0xffffffff)

  --- golden (C) ---
             accum = -2300287260 (0xffffffffffffffffffffffff76e466e4)
          shift_r1 =         43 (0x2b)

[PASS] t=1070 | reset=0 init_acc=0 input_valid=1 Q=37

  --- inputs ---
             reset =          0 (0x0)
          init_acc =          0 (0x0)
       input_valid =          1 (0x1)
                 Q =         37 (0x25)
            input0 =      19140 (0x4ac4)
            input1 =      -1209 (0xfffffb47)
        init_value =     -19094 (0xffffb56a)

  --- dut ---
             acc_w = -2300287260 (0xffffffff76e466e4)

  --- outputs ---
               out =         -1 (0xffffffff)
         out_exp_d =         -1 (0xffffffff)
           out_exp =         -1 (0xffffffff)

  --- golden (C) ---
             accum = -2323427520 (0xffffffffffffffffffffffff75834f40)
          shift_r1 =         37 (0x25)

[PASS] t=1080 | reset=0 init_acc=0 input_valid=1 Q=40

  --- inputs ---
             reset =          0 (0x0)
          init_acc =          0 (0x0)
       input_valid =          1 (0x1)
                 Q =         40 (0x28)
            input0 =      18004 (0x4654)
            input1 =      24040 (0x5de8)
        init_value =      -9698 (0xffffda1e)

  --- dut ---
             acc_w = -2323427520 (0xffffffff75834f40)

  --- outputs ---
               out =         -1 (0xffffffff)
         out_exp_d =         -1 (0xffffffff)
           out_exp =         -1 (0xffffffff)

  --- golden (C) ---
             accum = -1890611360 (0xffffffffffffffffffffffff8f4f8f60)
          shift_r1 =         40 (0x28)

[FAIL] t=1090 | reset=0 init_acc=0 input_valid=1 Q=9

  --- inputs ---
             reset =          0 (0x0)
          init_acc =          0 (0x0)
       input_valid =          1 (0x1)
                 Q =          9 (0x9)
            input0 =      17351 (0x43c7)
            input1 =       7038 (0x1b7e)
        init_value =      31544 (0x7b38)

  --- dut ---
             acc_w = -1890611360 (0xffffffff8f4f8f60)

  --- outputs ---
               out =     -32768 (0xffff8000)
         out_exp_d =         -1 (0xffffffff)
           out_exp =     -32768 (0xffff8000)

  --- golden (C) ---
             accum = -1768495022 (0xffffffffffffffffffffffff9696e852)
          shift_r1 =          9 (0x9)

[FAIL] t=1100 | reset=0 init_acc=0 input_valid=1 Q=36

  --- inputs ---
             reset =          0 (0x0)
          init_acc =          0 (0x0)
       input_valid =          1 (0x1)
                 Q =         36 (0x24)
            input0 =        107 (0x6b)
            input1 =     -13737 (0xffffca57)
        init_value =     -31665 (0xffff844f)

  --- dut ---
             acc_w = -1768495022 (0xffffffff9696e852)

  --- outputs ---
               out =         -1 (0xffffffff)
         out_exp_d =     -32768 (0xffff8000)
           out_exp =         -1 (0xffffffff)

  --- golden (C) ---
             accum = -1769964881 (0xffffffffffffffffffffffff96807aaf)
          shift_r1 =         36 (0x24)

[PASS] t=1110 | reset=0 init_acc=0 input_valid=0 Q=4

  --- inputs ---
             reset =          0 (0x0)
          init_acc =          0 (0x0)
       input_valid =          0 (0x0)
                 Q =          4 (0x4)
            input0 =      -5007 (0xffffec71)
            input1 =      13820 (0x35fc)
        init_value =      20377 (0x4f99)

  --- dut ---
             acc_w = -1769964881 (0xffffffff96807aaf)

  --- outputs ---
               out =         -1 (0xffffffff)
         out_exp_d =         -1 (0xffffffff)
           out_exp =         -1 (0xffffffff)

  --- golden (C) ---
             accum = -1769964881 (0xffffffffffffffffffffffff96807aaf)
          shift_r1 =         36 (0x24)

[FAIL] t=1120 | reset=0 init_acc=0 input_valid=1 Q=23

  --- inputs ---
             reset =          0 (0x0)
          init_acc =          0 (0x0)
       input_valid =          1 (0x1)
                 Q =         23 (0x17)
            input0 =     -25813 (0xffff9b2b)
            input1 =      20955 (0x51db)
        init_value =     -10968 (0xffffd528)

  --- dut ---
             acc_w = -1769964881 (0xffffffff96807aaf)

  --- outputs ---
               out =       -211 (0xffffff2d)
         out_exp_d =         -1 (0xffffffff)
           out_exp =       -276 (0xfffffeec)

  --- golden (C) ---
             accum = -2310876296 (0xffffffffffffffffffffffff7642d378)
          shift_r1 =         23 (0x17)

[PASS] t=1130 | reset=0 init_acc=0 input_valid=0 Q=25

  --- inputs ---
             reset =          0 (0x0)
          init_acc =          0 (0x0)
       input_valid =          0 (0x0)
                 Q =         25 (0x19)
            input0 =      27842 (0x6cc2)
            input1 =     -24914 (0xffff9eae)
        init_value =     -23650 (0xffffa39e)

  --- dut ---
             acc_w = -2310876296 (0xffffffff7642d378)

  --- outputs ---
               out =       -276 (0xfffffeec)
         out_exp_d =       -276 (0xfffffeec)
           out_exp =       -276 (0xfffffeec)

  --- golden (C) ---
             accum = -2310876296 (0xffffffffffffffffffffffff7642d378)
          shift_r1 =         23 (0x17)

[FAIL] t=1140 | reset=0 init_acc=0 input_valid=1 Q=38

  --- inputs ---
             reset =          0 (0x0)
          init_acc =          0 (0x0)
       input_valid =          1 (0x1)
                 Q =         38 (0x26)
            input0 =     -25810 (0xffff9b2e)
            input1 =      32767 (0x7fff)
        init_value =      16379 (0x3ffb)

  --- dut ---
             acc_w = -2310876296 (0xffffffff7642d378)

  --- outputs ---
               out =         -1 (0xffffffff)
         out_exp_d =       -276 (0xfffffeec)
           out_exp =         -1 (0xffffffff)

  --- golden (C) ---
             accum = -3156592566 (0xffffffffffffffffffffffff43da384a)
          shift_r1 =         38 (0x26)

[PASS] t=1150 | reset=0 init_acc=0 input_valid=0 Q=23

  --- inputs ---
             reset =          0 (0x0)
          init_acc =          0 (0x0)
       input_valid =          0 (0x0)
                 Q =         23 (0x17)
            input0 =       5084 (0x13dc)
            input1 =     -32267 (0xffff81f5)
        init_value =     -11953 (0xffffd14f)

  --- dut ---
             acc_w = -3156592566 (0xffffffff43da384a)

  --- outputs ---
               out =         -1 (0xffffffff)
         out_exp_d =         -1 (0xffffffff)
           out_exp =         -1 (0xffffffff)

  --- golden (C) ---
             accum = -3156592566 (0xffffffffffffffffffffffff43da384a)
          shift_r1 =         38 (0x26)

[PASS] t=1160 | reset=0 init_acc=0 input_valid=0 Q=15

  --- inputs ---
             reset =          0 (0x0)
          init_acc =          0 (0x0)
       input_valid =          0 (0x0)
                 Q =         15 (0xf)
            input0 =      24613 (0x6025)
            input1 =      17137 (0x42f1)
        init_value =      16392 (0x4008)

  --- dut ---
             acc_w = -3156592566 (0xffffffff43da384a)

  --- outputs ---
               out =         -1 (0xffffffff)
         out_exp_d =         -1 (0xffffffff)
           out_exp =         -1 (0xffffffff)

  --- golden (C) ---
             accum = -3156592566 (0xffffffffffffffffffffffff43da384a)
          shift_r1 =         38 (0x26)

[PASS] t=1170 | reset=0 init_acc=0 input_valid=0 Q=47

  --- inputs ---
             reset =          0 (0x0)
          init_acc =          0 (0x0)
       input_valid =          0 (0x0)
                 Q =         47 (0x2f)
            input0 =      -8777 (0xffffddb7)
            input1 =      -5031 (0xffffec59)
        init_value =     -10428 (0xffffd744)

  --- dut ---
             acc_w = -3156592566 (0xffffffff43da384a)

  --- outputs ---
               out =         -1 (0xffffffff)
         out_exp_d =         -1 (0xffffffff)
           out_exp =         -1 (0xffffffff)

  --- golden (C) ---
             accum = -3156592566 (0xffffffffffffffffffffffff43da384a)
          shift_r1 =         38 (0x26)

[PASS] t=1180 | reset=0 init_acc=0 input_valid=0 Q=29

  --- inputs ---
             reset =          0 (0x0)
          init_acc =          0 (0x0)
       input_valid =          0 (0x0)
                 Q =         29 (0x1d)
            input0 =      -2389 (0xfffff6ab)
            input1 =      -3676 (0xfffff1a4)
        init_value =      -1471 (0xfffffa41)

  --- dut ---
             acc_w = -3156592566 (0xffffffff43da384a)

  --- outputs ---
               out =         -1 (0xffffffff)
         out_exp_d =         -1 (0xffffffff)
           out_exp =         -1 (0xffffffff)

  --- golden (C) ---
             accum = -3156592566 (0xffffffffffffffffffffffff43da384a)
          shift_r1 =         38 (0x26)

[PASS] t=1190 | reset=0 init_acc=0 input_valid=1 Q=41

  --- inputs ---
             reset =          0 (0x0)
          init_acc =          0 (0x0)
       input_valid =          1 (0x1)
                 Q =         41 (0x29)
            input0 =      32468 (0x7ed4)
            input1 =      30284 (0x764c)
        init_value =     -18402 (0xffffb81e)

  --- dut ---
             acc_w = -3156592566 (0xffffffff43da384a)

  --- outputs ---
               out =         -1 (0xffffffff)
         out_exp_d =         -1 (0xffffffff)
           out_exp =         -1 (0xffffffff)

  --- golden (C) ---
             accum = -2173331654 (0xffffffffffffffffffffffff7e75973a)
          shift_r1 =         41 (0x29)

[PASS] t=1200 | reset=0 init_acc=0 input_valid=0 Q=31

  --- inputs ---
             reset =          0 (0x0)
          init_acc =          0 (0x0)
       input_valid =          0 (0x0)
                 Q =         31 (0x1f)
            input0 =     -19731 (0xffffb2ed)
            input1 =      31383 (0x7a97)
        init_value =     -32637 (0xffff8083)

  --- dut ---
             acc_w = -2173331654 (0xffffffff7e75973a)

  --- outputs ---
               out =         -1 (0xffffffff)
         out_exp_d =         -1 (0xffffffff)
           out_exp =         -1 (0xffffffff)

  --- golden (C) ---
             accum = -2173331654 (0xffffffffffffffffffffffff7e75973a)
          shift_r1 =         41 (0x29)

[PASS] t=1210 | reset=0 init_acc=0 input_valid=1 Q=47

  --- inputs ---
             reset =          0 (0x0)
          init_acc =          0 (0x0)
       input_valid =          1 (0x1)
                 Q =         47 (0x2f)
            input0 =      24424 (0x5f68)
            input1 =      32767 (0x7fff)
        init_value =      -8822 (0xffffdd8a)

  --- dut ---
             acc_w = -2173331654 (0xffffffff7e75973a)

  --- outputs ---
               out =         -1 (0xffffffff)
         out_exp_d =         -1 (0xffffffff)
           out_exp =         -1 (0xffffffff)

  --- golden (C) ---
             accum = -1373030446 (0xffffffffffffffffffffffffae2937d2)
          shift_r1 =         47 (0x2f)

[FAIL] t=1220 | reset=0 init_acc=0 input_valid=1 Q=14

  --- inputs ---
             reset =          0 (0x0)
          init_acc =          0 (0x0)
       input_valid =          1 (0x1)
                 Q =         14 (0xe)
            input0 =      12788 (0x31f4)
            input1 =      21826 (0x5542)
        init_value =     -32768 (0xffff8000)

  --- dut ---
             acc_w = -1373030446 (0xffffffffae2937d2)

  --- outputs ---
               out =     -32768 (0xffff8000)
         out_exp_d =         -1 (0xffffffff)
           out_exp =     -32768 (0xffff8000)

  --- golden (C) ---
             accum = -1093919558 (0xffffffffffffffffffffffffbecc1cba)
          shift_r1 =         14 (0xe)

[PASS] t=1230 | reset=0 init_acc=0 input_valid=0 Q=44

  --- inputs ---
             reset =          0 (0x0)
          init_acc =          0 (0x0)
       input_valid =          0 (0x0)
                 Q =         44 (0x2c)
            input0 =      -1795 (0xfffff8fd)
            input1 =      28965 (0x7125)
        init_value =      -6568 (0xffffe658)

  --- dut ---
             acc_w = -1093919558 (0xffffffffbecc1cba)

  --- outputs ---
               out =     -32768 (0xffff8000)
         out_exp_d =     -32768 (0xffff8000)
           out_exp =     -32768 (0xffff8000)

  --- golden (C) ---
             accum = -1093919558 (0xffffffffffffffffffffffffbecc1cba)
          shift_r1 =         14 (0xe)

[FAIL] t=1240 | reset=0 init_acc=0 input_valid=1 Q=16

  --- inputs ---
             reset =          0 (0x0)
          init_acc =          0 (0x0)
       input_valid =          1 (0x1)
                 Q =         16 (0x10)
            input0 =     -21365 (0xffffac8b)
            input1 =       7513 (0x1d59)
        init_value =      -1700 (0xfffff95c)

  --- dut ---
             acc_w = -1093919558 (0xffffffffbecc1cba)

  --- outputs ---
               out =     -16692 (0xffffbecc)
         out_exp_d =     -32768 (0xffff8000)
           out_exp =     -19142 (0xffffb53a)

  --- golden (C) ---
             accum = -1254434803 (0xffffffffffffffffffffffffb53ad80d)
          shift_r1 =         16 (0x10)

[PASS] t=1250 | reset=0 init_acc=0 input_valid=0 Q=16

  --- inputs ---
             reset =          0 (0x0)
          init_acc =          0 (0x0)
       input_valid =          0 (0x0)
                 Q =         16 (0x10)
            input0 =      -5576 (0xffffea38)
            input1 =      16155 (0x3f1b)
        init_value =       1076 (0x434)

  --- dut ---
             acc_w = -1254434803 (0xffffffffb53ad80d)

  --- outputs ---
               out =     -19142 (0xffffb53a)
         out_exp_d =     -19142 (0xffffb53a)
           out_exp =     -19142 (0xffffb53a)

  --- golden (C) ---
             accum = -1254434803 (0xffffffffffffffffffffffffb53ad80d)
          shift_r1 =         16 (0x10)

[FAIL] t=1260 | reset=0 init_acc=0 input_valid=1 Q=26

  --- inputs ---
             reset =          0 (0x0)
          init_acc =          0 (0x0)
       input_valid =          1 (0x1)
                 Q =         26 (0x1a)
            input0 =       1982 (0x7be)
            input1 =     -14865 (0xffffc5ef)
        init_value =      27441 (0x6b31)

  --- dut ---
             acc_w = -1254434803 (0xffffffffb53ad80d)

  --- outputs ---
               out =        -19 (0xffffffed)
         out_exp_d =     -19142 (0xffffb53a)
           out_exp =        -20 (0xffffffec)

  --- golden (C) ---
             accum = -1283897233 (0xffffffffffffffffffffffffb379486f)
          shift_r1 =         26 (0x1a)

[FAIL] t=1270 | reset=0 init_acc=0 input_valid=1 Q=35

  --- inputs ---
             reset =          0 (0x0)
          init_acc =          0 (0x0)
       input_valid =          1 (0x1)
                 Q =         35 (0x23)
            input0 =     -24877 (0xffff9ed3)
            input1 =     -26719 (0xffff97a1)
        init_value =     -12557 (0xffffcef3)

  --- dut ---
             acc_w = -1283897233 (0xffffffffb379486f)

  --- outputs ---
               out =         -1 (0xffffffff)
         out_exp_d =        -20 (0xffffffec)
           out_exp =         -1 (0xffffffff)

  --- golden (C) ---
             accum = -619208670 (0xffffffffffffffffffffffffdb17a022)
          shift_r1 =         35 (0x23)

[PASS] t=1280 | reset=0 init_acc=0 input_valid=0 Q=15

  --- inputs ---
             reset =          0 (0x0)
          init_acc =          0 (0x0)
       input_valid =          0 (0x0)
                 Q =         15 (0xf)
            input0 =      -3325 (0xfffff303)
            input1 =      20358 (0x4f86)
        init_value =      17136 (0x42f0)

  --- dut ---
             acc_w = -619208670 (0xffffffffdb17a022)

  --- outputs ---
               out =         -1 (0xffffffff)
         out_exp_d =         -1 (0xffffffff)
           out_exp =         -1 (0xffffffff)

  --- golden (C) ---
             accum = -619208670 (0xffffffffffffffffffffffffdb17a022)
          shift_r1 =         35 (0x23)

[PASS] t=1290 | reset=0 init_acc=0 input_valid=0 Q=26

  --- inputs ---
             reset =          0 (0x0)
          init_acc =          0 (0x0)
       input_valid =          0 (0x0)
                 Q =         26 (0x1a)
            input0 =      -8163 (0xffffe01d)
            input1 =     -26372 (0xffff98fc)
        init_value =       1818 (0x71a)

  --- dut ---
             acc_w = -619208670 (0xffffffffdb17a022)

  --- outputs ---
               out =         -1 (0xffffffff)
         out_exp_d =         -1 (0xffffffff)
           out_exp =         -1 (0xffffffff)

  --- golden (C) ---
             accum = -619208670 (0xffffffffffffffffffffffffdb17a022)
          shift_r1 =         35 (0x23)

[FAIL] t=1300 | reset=0 init_acc=0 input_valid=1 Q=1

  --- inputs ---
             reset =          0 (0x0)
          init_acc =          0 (0x0)
       input_valid =          1 (0x1)
                 Q =          1 (0x1)
            input0 =     -31596 (0xffff8494)
            input1 =      21788 (0x551c)
        init_value =     -28355 (0xffff913d)

  --- dut ---
             acc_w = -619208670 (0xffffffffdb17a022)

  --- outputs ---
               out =     -32768 (0xffff8000)
         out_exp_d =         -1 (0xffffffff)
           out_exp =     -32768 (0xffff8000)

  --- golden (C) ---
             accum = -1307622318 (0xffffffffffffffffffffffffb20f4452)
          shift_r1 =          1 (0x1)

[PASS] t=1310 | reset=0 init_acc=0 input_valid=1 Q=1

  --- inputs ---
             reset =          0 (0x0)
          init_acc =          0 (0x0)
       input_valid =          1 (0x1)
                 Q =          1 (0x1)
            input0 =      15556 (0x3cc4)
            input1 =      32767 (0x7fff)
        init_value =     -23780 (0xffffa31c)

  --- dut ---
             acc_w = -1307622318 (0xffffffffb20f4452)

  --- outputs ---
               out =     -32768 (0xffff8000)
         out_exp_d =     -32768 (0xffff8000)
           out_exp =     -32768 (0xffff8000)

  --- golden (C) ---
             accum = -797898866 (0xffffffffffffffffffffffffd071078e)
          shift_r1 =          1 (0x1)

[PASS] t=1320 | reset=0 init_acc=0 input_valid=0 Q=6

  --- inputs ---
             reset =          0 (0x0)
          init_acc =          0 (0x0)
       input_valid =          0 (0x0)
                 Q =          6 (0x6)
            input0 =       9905 (0x26b1)
            input1 =      32767 (0x7fff)
        init_value =     -32768 (0xffff8000)

  --- dut ---
             acc_w = -797898866 (0xffffffffd071078e)

  --- outputs ---
               out =     -32768 (0xffff8000)
         out_exp_d =     -32768 (0xffff8000)
           out_exp =     -32768 (0xffff8000)

  --- golden (C) ---
             accum = -797898866 (0xffffffffffffffffffffffffd071078e)
          shift_r1 =          1 (0x1)

[PASS] t=1330 | reset=0 init_acc=0 input_valid=0 Q=13

  --- inputs ---
             reset =          0 (0x0)
          init_acc =          0 (0x0)
       input_valid =          0 (0x0)
                 Q =         13 (0xd)
            input0 =      19980 (0x4e0c)
            input1 =      16776 (0x4188)
        init_value =     -31984 (0xffff8310)

  --- dut ---
             acc_w = -797898866 (0xffffffffd071078e)

  --- outputs ---
               out =     -32768 (0xffff8000)
         out_exp_d =     -32768 (0xffff8000)
           out_exp =     -32768 (0xffff8000)

  --- golden (C) ---
             accum = -797898866 (0xffffffffffffffffffffffffd071078e)
          shift_r1 =          1 (0x1)

[PASS] t=1340 | reset=0 init_acc=0 input_valid=0 Q=33

  --- inputs ---
             reset =          0 (0x0)
          init_acc =          0 (0x0)
       input_valid =          0 (0x0)
                 Q =         33 (0x21)
            input0 =     -32768 (0xffff8000)
            input1 =       1179 (0x49b)
        init_value =      -7883 (0xffffe135)

  --- dut ---
             acc_w = -797898866 (0xffffffffd071078e)

  --- outputs ---
               out =     -32768 (0xffff8000)
         out_exp_d =     -32768 (0xffff8000)
           out_exp =     -32768 (0xffff8000)

  --- golden (C) ---
             accum = -797898866 (0xffffffffffffffffffffffffd071078e)
          shift_r1 =          1 (0x1)

[PASS] t=1350 | reset=0 init_acc=0 input_valid=0 Q=43

  --- inputs ---
             reset =          0 (0x0)
          init_acc =          0 (0x0)
       input_valid =          0 (0x0)
                 Q =         43 (0x2b)
            input0 =      25313 (0x62e1)
            input1 =      19319 (0x4b77)
        init_value =      24030 (0x5dde)

  --- dut ---
             acc_w = -797898866 (0xffffffffd071078e)

  --- outputs ---
               out =     -32768 (0xffff8000)
         out_exp_d =     -32768 (0xffff8000)
           out_exp =     -32768 (0xffff8000)

  --- golden (C) ---
             accum = -797898866 (0xffffffffffffffffffffffffd071078e)
          shift_r1 =          1 (0x1)

[PASS] t=1360 | reset=0 init_acc=0 input_valid=0 Q=1

  --- inputs ---
             reset =          0 (0x0)
          init_acc =          0 (0x0)
       input_valid =          0 (0x0)
                 Q =          1 (0x1)
            input0 =      10827 (0x2a4b)
            input1 =     -20281 (0xffffb0c7)
        init_value =       5099 (0x13eb)

  --- dut ---
             acc_w = -797898866 (0xffffffffd071078e)

  --- outputs ---
               out =     -32768 (0xffff8000)
         out_exp_d =     -32768 (0xffff8000)
           out_exp =     -32768 (0xffff8000)

  --- golden (C) ---
             accum = -797898866 (0xffffffffffffffffffffffffd071078e)
          shift_r1 =          1 (0x1)

[PASS] t=1370 | reset=0 init_acc=0 input_valid=0 Q=47

  --- inputs ---
             reset =          0 (0x0)
          init_acc =          0 (0x0)
       input_valid =          0 (0x0)
                 Q =         47 (0x2f)
            input0 =      11793 (0x2e11)
            input1 =       -144 (0xffffff70)
        init_value =      26292 (0x66b4)

  --- dut ---
             acc_w = -797898866 (0xffffffffd071078e)

  --- outputs ---
               out =     -32768 (0xffff8000)
         out_exp_d =     -32768 (0xffff8000)
           out_exp =     -32768 (0xffff8000)

  --- golden (C) ---
             accum = -797898866 (0xffffffffffffffffffffffffd071078e)
          shift_r1 =          1 (0x1)

[PASS] t=1380 | reset=0 init_acc=0 input_valid=0 Q=5

  --- inputs ---
             reset =          0 (0x0)
          init_acc =          0 (0x0)
       input_valid =          0 (0x0)
                 Q =          5 (0x5)
            input0 =     -19514 (0xffffb3c6)
            input1 =      -9076 (0xffffdc8c)
        init_value =       9568 (0x2560)

  --- dut ---
             acc_w = -797898866 (0xffffffffd071078e)

  --- outputs ---
               out =     -32768 (0xffff8000)
         out_exp_d =     -32768 (0xffff8000)
           out_exp =     -32768 (0xffff8000)

  --- golden (C) ---
             accum = -797898866 (0xffffffffffffffffffffffffd071078e)
          shift_r1 =          1 (0x1)

[PASS] t=1390 | reset=0 init_acc=0 input_valid=0 Q=5

  --- inputs ---
             reset =          0 (0x0)
          init_acc =          0 (0x0)
       input_valid =          0 (0x0)
                 Q =          5 (0x5)
            input0 =      12250 (0x2fda)
            input1 =       -990 (0xfffffc22)
        init_value =     -18357 (0xffffb84b)

  --- dut ---
             acc_w = -797898866 (0xffffffffd071078e)

  --- outputs ---
               out =     -32768 (0xffff8000)
         out_exp_d =     -32768 (0xffff8000)
           out_exp =     -32768 (0xffff8000)

  --- golden (C) ---
             accum = -797898866 (0xffffffffffffffffffffffffd071078e)
          shift_r1 =          1 (0x1)

[FAIL] t=1400 | reset=0 init_acc=0 input_valid=1 Q=38

  --- inputs ---
             reset =          0 (0x0)
          init_acc =          0 (0x0)
       input_valid =          1 (0x1)
                 Q =         38 (0x26)
            input0 =      -1289 (0xfffffaf7)
            input1 =       5094 (0x13e6)
        init_value =      23907 (0x5d63)

  --- dut ---
             acc_w = -797898866 (0xffffffffd071078e)

  --- outputs ---
               out =         -1 (0xffffffff)
         out_exp_d =     -32768 (0xffff8000)
           out_exp =         -1 (0xffffffff)

  --- golden (C) ---
             accum = -804465032 (0xffffffffffffffffffffffffd00cd678)
          shift_r1 =         38 (0x26)

[FAIL] t=1410 | reset=0 init_acc=0 input_valid=1 Q=18

  --- inputs ---
             reset =          0 (0x0)
          init_acc =          0 (0x0)
       input_valid =          1 (0x1)
                 Q =         18 (0x12)
            input0 =      10085 (0x2765)
            input1 =      31740 (0x7bfc)
        init_value =     -25830 (0xffff9b1a)

  --- dut ---
             acc_w = -804465032 (0xffffffffd00cd678)

  --- outputs ---
               out =      -3069 (0xfffff403)
         out_exp_d =         -1 (0xffffffff)
           out_exp =      -1848 (0xfffff8c8)

  --- golden (C) ---
             accum = -484367132 (0xffffffffffffffffffffffffe32124e4)
          shift_r1 =         18 (0x12)

[PASS] t=1420 | reset=0 init_acc=0 input_valid=0 Q=45

  --- inputs ---
             reset =          0 (0x0)
          init_acc =          0 (0x0)
       input_valid =          0 (0x0)
                 Q =         45 (0x2d)
            input0 =      -9860 (0xffffd97c)
            input1 =       5587 (0x15d3)
        init_value =     -31617 (0xffff847f)

  --- dut ---
             acc_w = -484367132 (0xffffffffe32124e4)

  --- outputs ---
               out =      -1848 (0xfffff8c8)
         out_exp_d =      -1848 (0xfffff8c8)
           out_exp =      -1848 (0xfffff8c8)

  --- golden (C) ---
             accum = -484367132 (0xffffffffffffffffffffffffe32124e4)
          shift_r1 =         18 (0x12)

[FAIL] t=1430 | reset=0 init_acc=0 input_valid=1 Q=34

  --- inputs ---
             reset =          0 (0x0)
          init_acc =          0 (0x0)
       input_valid =          1 (0x1)
                 Q =         34 (0x22)
            input0 =       3049 (0xbe9)
            input1 =      -9709 (0xffffda13)
        init_value =      -8273 (0xffffdfaf)

  --- dut ---
             acc_w = -484367132 (0xffffffffe32124e4)

  --- outputs ---
               out =         -1 (0xffffffff)
         out_exp_d =      -1848 (0xfffff8c8)
           out_exp =         -1 (0xffffffff)

  --- golden (C) ---
             accum = -513969873 (0xffffffffffffffffffffffffe15d712f)
          shift_r1 =         34 (0x22)

[PASS] t=1440 | reset=0 init_acc=0 input_valid=1 Q=37

  --- inputs ---
             reset =          0 (0x0)
          init_acc =          0 (0x0)
       input_valid =          1 (0x1)
                 Q =         37 (0x25)
            input0 =       4396 (0x112c)
            input1 =      10409 (0x28a9)
        init_value =      28537 (0x6f79)

  --- dut ---
             acc_w = -513969873 (0xffffffffe15d712f)

  --- outputs ---
               out =         -1 (0xffffffff)
         out_exp_d =         -1 (0xffffffff)
           out_exp =         -1 (0xffffffff)

  --- golden (C) ---
             accum = -468211909 (0xffffffffffffffffffffffffe417a73b)
          shift_r1 =         37 (0x25)

[PASS] t=1450 | reset=0 init_acc=0 input_valid=1 Q=32

  --- inputs ---
             reset =          0 (0x0)
          init_acc =          0 (0x0)
       input_valid =          1 (0x1)
                 Q =         32 (0x20)
            input0 =      30000 (0x7530)
            input1 =      12186 (0x2f9a)
        init_value =      10551 (0x2937)

  --- dut ---
             acc_w = -468211909 (0xffffffffe417a73b)

  --- outputs ---
               out =         -1 (0xffffffff)
         out_exp_d =         -1 (0xffffffff)
           out_exp =         -1 (0xffffffff)

  --- golden (C) ---
             accum = -102631909 (0xfffffffffffffffffffffffff9e1f61b)
          shift_r1 =         32 (0x20)

[FAIL] t=1460 | reset=0 init_acc=0 input_valid=1 Q=25

  --- inputs ---
             reset =          0 (0x0)
          init_acc =          0 (0x0)
       input_valid =          1 (0x1)
                 Q =         25 (0x19)
            input0 =      -2556 (0xfffff604)
            input1 =     -10470 (0xffffd71a)
        init_value =       3924 (0xf54)

  --- dut ---
             acc_w = -102631909 (0xfffffffff9e1f61b)

  --- outputs ---
               out =         -4 (0xfffffffc)
         out_exp_d =         -1 (0xffffffff)
           out_exp =         -3 (0xfffffffd)

  --- golden (C) ---
             accum =  -75870589 (0xfffffffffffffffffffffffffb7a4e83)
          shift_r1 =         25 (0x19)

[FAIL] t=1470 | reset=0 init_acc=0 input_valid=1 Q=28

  --- inputs ---
             reset =          0 (0x0)
          init_acc =          0 (0x0)
       input_valid =          1 (0x1)
                 Q =         28 (0x1c)
            input0 =      31438 (0x7ace)
            input1 =      32767 (0x7fff)
        init_value =        272 (0x110)

  --- dut ---
             acc_w =  -75870589 (0xfffffffffb7a4e83)

  --- outputs ---
               out =         -1 (0xffffffff)
         out_exp_d =         -3 (0xfffffffd)
           out_exp =          3 (0x3)

  --- golden (C) ---
             accum =  954258357 (0x38e0d3b5)
          shift_r1 =         28 (0x1c)

[FAIL] t=1480 | reset=0 init_acc=0 input_valid=1 Q=3

  --- inputs ---
             reset =          0 (0x0)
          init_acc =          0 (0x0)
       input_valid =          1 (0x1)
                 Q =          3 (0x3)
            input0 =      26979 (0x6963)
            input1 =      13426 (0x3472)
        init_value =       7391 (0x1cdf)

  --- dut ---
             acc_w =  954258357 (0x38e0d3b5)

  --- outputs ---
               out =      32767 (0x7fff)
         out_exp_d =          3 (0x3)
           out_exp =      32767 (0x7fff)

  --- golden (C) ---
             accum = 1316478411 (0x4e77ddcb)
          shift_r1 =          3 (0x3)

[PASS] t=1490 | reset=0 init_acc=0 input_valid=0 Q=18

  --- inputs ---
             reset =          0 (0x0)
          init_acc =          0 (0x0)
       input_valid =          0 (0x0)
                 Q =         18 (0x12)
            input0 =      31675 (0x7bbb)
            input1 =     -20723 (0xffffaf0d)
        init_value =     -32684 (0xffff8054)

  --- dut ---
             acc_w = 1316478411 (0x4e77ddcb)

  --- outputs ---
               out =      32767 (0x7fff)
         out_exp_d =      32767 (0x7fff)
           out_exp =      32767 (0x7fff)

  --- golden (C) ---
             accum = 1316478411 (0x4e77ddcb)
          shift_r1 =          3 (0x3)

[FAIL] t=1500 | reset=0 init_acc=0 input_valid=1 Q=25

  --- inputs ---
             reset =          0 (0x0)
          init_acc =          0 (0x0)
       input_valid =          1 (0x1)
                 Q =         25 (0x19)
            input0 =     -28846 (0xffff8f52)
            input1 =     -32061 (0xffff82c3)
        init_value =     -13367 (0xffffcbc9)

  --- dut ---
             acc_w = 1316478411 (0x4e77ddcb)

  --- outputs ---
               out =         39 (0x27)
         out_exp_d =      32767 (0x7fff)
           out_exp =         66 (0x42)

  --- golden (C) ---
             accum = 2241310017 (0x8597ad41)
          shift_r1 =         25 (0x19)

[PASS] t=1510 | reset=0 init_acc=0 input_valid=0 Q=42

  --- inputs ---
             reset =          0 (0x0)
          init_acc =          0 (0x0)
       input_valid =          0 (0x0)
                 Q =         42 (0x2a)
            input0 =      24784 (0x60d0)
            input1 =      15239 (0x3b87)
        init_value =      13336 (0x3418)

  --- dut ---
             acc_w = 2241310017 (0x8597ad41)

  --- outputs ---
               out =         66 (0x42)
         out_exp_d =         66 (0x42)
           out_exp =         66 (0x42)

  --- golden (C) ---
             accum = 2241310017 (0x8597ad41)
          shift_r1 =         25 (0x19)

[PASS] t=1520 | reset=0 init_acc=0 input_valid=0 Q=11

  --- inputs ---
             reset =          0 (0x0)
          init_acc =          0 (0x0)
       input_valid =          0 (0x0)
                 Q =         11 (0xb)
            input0 =      -8749 (0xffffddd3)
            input1 =     -15842 (0xffffc21e)
        init_value =        259 (0x103)

  --- dut ---
             acc_w = 2241310017 (0x8597ad41)

  --- outputs ---
               out =         66 (0x42)
         out_exp_d =         66 (0x42)
           out_exp =         66 (0x42)

  --- golden (C) ---
             accum = 2241310017 (0x8597ad41)
          shift_r1 =         25 (0x19)

[FAIL] t=1530 | reset=0 init_acc=0 input_valid=1 Q=4

  --- inputs ---
             reset =          0 (0x0)
          init_acc =          0 (0x0)
       input_valid =          1 (0x1)
                 Q =          4 (0x4)
            input0 =     -31673 (0xffff8447)
            input1 =      16294 (0x3fa6)
        init_value =      25388 (0x632c)

  --- dut ---
             acc_w = 2241310017 (0x8597ad41)

  --- outputs ---
               out =      32767 (0x7fff)
         out_exp_d =         66 (0x42)
           out_exp =      32767 (0x7fff)

  --- golden (C) ---
             accum = 1725230155 (0x66d4ec4b)
          shift_r1 =          4 (0x4)

[PASS] t=1540 | reset=0 init_acc=0 input_valid=0 Q=1

  --- inputs ---
             reset =          0 (0x0)
          init_acc =          0 (0x0)
       input_valid =          0 (0x0)
                 Q =          1 (0x1)
            input0 =      31902 (0x7c9e)
            input1 =        851 (0x353)
        init_value =       9264 (0x2430)

  --- dut ---
             acc_w = 1725230155 (0x66d4ec4b)

  --- outputs ---
               out =      32767 (0x7fff)
         out_exp_d =      32767 (0x7fff)
           out_exp =      32767 (0x7fff)

  --- golden (C) ---
             accum = 1725230155 (0x66d4ec4b)
          shift_r1 =          4 (0x4)

[PASS] t=1550 | reset=0 init_acc=0 input_valid=0 Q=27

  --- inputs ---
             reset =          0 (0x0)
          init_acc =          0 (0x0)
       input_valid =          0 (0x0)
                 Q =         27 (0x1b)
            input0 =       8789 (0x2255)
            input1 =      22800 (0x5910)
        init_value =      24702 (0x607e)

  --- dut ---
             acc_w = 1725230155 (0x66d4ec4b)

  --- outputs ---
               out =      32767 (0x7fff)
         out_exp_d =      32767 (0x7fff)
           out_exp =      32767 (0x7fff)

  --- golden (C) ---
             accum = 1725230155 (0x66d4ec4b)
          shift_r1 =          4 (0x4)

[FAIL] t=1560 | reset=0 init_acc=0 input_valid=1 Q=16

  --- inputs ---
             reset =          0 (0x0)
          init_acc =          0 (0x0)
       input_valid =          1 (0x1)
                 Q =         16 (0x10)
            input0 =     -32768 (0xffff8000)
            input1 =      16955 (0x423b)
        init_value =       9743 (0x260f)

  --- dut ---
             acc_w = 1725230155 (0x66d4ec4b)

  --- outputs ---
               out =      26324 (0x66d4)
         out_exp_d =      32767 (0x7fff)
           out_exp =      17847 (0x45b7)

  --- golden (C) ---
             accum = 1169648715 (0x45b76c4b)
          shift_r1 =         16 (0x10)

[PASS] t=1570 | reset=0 init_acc=0 input_valid=0 Q=7

  --- inputs ---
             reset =          0 (0x0)
          init_acc =          0 (0x0)
       input_valid =          0 (0x0)
                 Q =          7 (0x7)
            input0 =     -25779 (0xffff9b4d)
            input1 =      15073 (0x3ae1)
        init_value =      30839 (0x7877)

  --- dut ---
             acc_w = 1169648715 (0x45b76c4b)

  --- outputs ---
               out =      17847 (0x45b7)
         out_exp_d =      17847 (0x45b7)
           out_exp =      17847 (0x45b7)

  --- golden (C) ---
             accum = 1169648715 (0x45b76c4b)
          shift_r1 =         16 (0x10)

[FAIL] t=1580 | reset=0 init_acc=0 input_valid=1 Q=21

  --- inputs ---
             reset =          0 (0x0)
          init_acc =          0 (0x0)
       input_valid =          1 (0x1)
                 Q =         21 (0x15)
            input0 =     -17121 (0xffffbd1f)
            input1 =       6795 (0x1a8b)
        init_value =      -6587 (0xffffe645)

  --- dut ---
             acc_w = 1169648715 (0x45b76c4b)

  --- outputs ---
               out =        557 (0x22d)
         out_exp_d =      17847 (0x45b7)
           out_exp =        502 (0x1f6)

  --- golden (C) ---
             accum = 1053311520 (0x3ec84220)
          shift_r1 =         21 (0x15)

[FAIL] t=1590 | reset=0 init_acc=0 input_valid=1 Q=4

  --- inputs ---
             reset =          0 (0x0)
          init_acc =          0 (0x0)
       input_valid =          1 (0x1)
                 Q =          4 (0x4)
            input0 =      -5827 (0xffffe93d)
            input1 =     -26648 (0xffff97e8)
        init_value =     -22811 (0xffffa6e5)

  --- dut ---
             acc_w = 1053311520 (0x3ec84220)

  --- outputs ---
               out =      32767 (0x7fff)
         out_exp_d =        502 (0x1f6)
           out_exp =      32767 (0x7fff)

  --- golden (C) ---
             accum = 1208589416 (0x48099c68)
          shift_r1 =          4 (0x4)

[PASS] t=1600 | reset=0 init_acc=0 input_valid=1 Q=4

  --- inputs ---
             reset =          0 (0x0)
          init_acc =          0 (0x0)
       input_valid =          1 (0x1)
                 Q =          4 (0x4)
            input0 =     -25574 (0xffff9c1a)
            input1 =      32767 (0x7fff)
        init_value =      11624 (0x2d68)

  --- dut ---
             acc_w = 1208589416 (0x48099c68)

  --- outputs ---
               out =      32767 (0x7fff)
         out_exp_d =      32767 (0x7fff)
           out_exp =      32767 (0x7fff)

  --- golden (C) ---
             accum =  370606158 (0x1617004e)
          shift_r1 =          4 (0x4)

[PASS] t=1610 | reset=0 init_acc=0 input_valid=1 Q=4

  --- inputs ---
             reset =          0 (0x0)
          init_acc =          0 (0x0)
       input_valid =          1 (0x1)
                 Q =          4 (0x4)
            input0 =      28170 (0x6e0a)
            input1 =       1542 (0x606)
        init_value =      15689 (0x3d49)

  --- dut ---
             acc_w =  370606158 (0x1617004e)

  --- outputs ---
               out =      32767 (0x7fff)
         out_exp_d =      32767 (0x7fff)
           out_exp =      32767 (0x7fff)

  --- golden (C) ---
             accum =  414044298 (0x18add08a)
          shift_r1 =          4 (0x4)

[PASS] t=1620 | reset=0 init_acc=0 input_valid=0 Q=46

  --- inputs ---
             reset =          0 (0x0)
          init_acc =          0 (0x0)
       input_valid =          0 (0x0)
                 Q =         46 (0x2e)
            input0 =      15721 (0x3d69)
            input1 =      12498 (0x30d2)
        init_value =      -9064 (0xffffdc98)

  --- dut ---
             acc_w =  414044298 (0x18add08a)

  --- outputs ---
               out =      32767 (0x7fff)
         out_exp_d =      32767 (0x7fff)
           out_exp =      32767 (0x7fff)

  --- golden (C) ---
             accum =  414044298 (0x18add08a)
          shift_r1 =          4 (0x4)

[PASS] t=1630 | reset=0 init_acc=0 input_valid=0 Q=6

  --- inputs ---
             reset =          0 (0x0)
          init_acc =          0 (0x0)
       input_valid =          0 (0x0)
                 Q =          6 (0x6)
            input0 =       3985 (0xf91)
            input1 =      16038 (0x3ea6)
        init_value =      23934 (0x5d7e)

  --- dut ---
             acc_w =  414044298 (0x18add08a)

  --- outputs ---
               out =      32767 (0x7fff)
         out_exp_d =      32767 (0x7fff)
           out_exp =      32767 (0x7fff)

  --- golden (C) ---
             accum =  414044298 (0x18add08a)
          shift_r1 =          4 (0x4)

[FAIL] t=1640 | reset=0 init_acc=0 input_valid=1 Q=42

  --- inputs ---
             reset =          0 (0x0)
          init_acc =          0 (0x0)
       input_valid =          1 (0x1)
                 Q =         42 (0x2a)
            input0 =      23940 (0x5d84)
            input1 =     -22785 (0xffffa6ff)
        init_value =      18696 (0x4908)

  --- dut ---
             acc_w =  414044298 (0x18add08a)

  --- outputs ---
               out =          0 (0x0)
         out_exp_d =      32767 (0x7fff)
           out_exp =         -1 (0xffffffff)

  --- golden (C) ---
             accum = -131428602 (0xfffffffffffffffffffffffff82a8f06)
          shift_r1 =         42 (0x2a)

[PASS] t=1650 | reset=0 init_acc=0 input_valid=0 Q=32

  --- inputs ---
             reset =          0 (0x0)
          init_acc =          0 (0x0)
       input_valid =          0 (0x0)
                 Q =         32 (0x20)
            input0 =      32767 (0x7fff)
            input1 =       5010 (0x1392)
        init_value =      -7921 (0xffffe10f)

  --- dut ---
             acc_w = -131428602 (0xfffffffff82a8f06)

  --- outputs ---
               out =         -1 (0xffffffff)
         out_exp_d =         -1 (0xffffffff)
           out_exp =         -1 (0xffffffff)

  --- golden (C) ---
             accum = -131428602 (0xfffffffffffffffffffffffff82a8f06)
          shift_r1 =         42 (0x2a)

[FAIL] t=1660 | reset=0 init_acc=0 input_valid=1 Q=6

  --- inputs ---
             reset =          0 (0x0)
          init_acc =          0 (0x0)
       input_valid =          1 (0x1)
                 Q =          6 (0x6)
            input0 =      12996 (0x32c4)
            input1 =      18413 (0x47ed)
        init_value =      25927 (0x6547)

  --- dut ---
             acc_w = -131428602 (0xfffffffff82a8f06)

  --- outputs ---
               out =     -32768 (0xffff8000)
         out_exp_d =         -1 (0xffffffff)
           out_exp =      32767 (0x7fff)

  --- golden (C) ---
             accum =  107866746 (0x66dea7a)
          shift_r1 =          6 (0x6)

[FAIL] t=1670 | reset=0 init_acc=0 input_valid=1 Q=31

  --- inputs ---
             reset =          0 (0x0)
          init_acc =          0 (0x0)
       input_valid =          1 (0x1)
                 Q =         31 (0x1f)
            input0 =       7563 (0x1d8b)
            input1 =     -24037 (0xffffa21b)
        init_value =      13273 (0x33d9)

  --- dut ---
             acc_w =  107866746 (0x66dea7a)

  --- outputs ---
               out =          0 (0x0)
         out_exp_d =      32767 (0x7fff)
           out_exp =         -1 (0xffffffff)

  --- golden (C) ---
             accum =  -73925085 (0xfffffffffffffffffffffffffb97fe23)
          shift_r1 =         31 (0x1f)

[PASS] t=1680 | reset=0 init_acc=0 input_valid=0 Q=43

  --- inputs ---
             reset =          0 (0x0)
          init_acc =          0 (0x0)
       input_valid =          0 (0x0)
                 Q =         43 (0x2b)
            input0 =     -30415 (0xffff8931)
            input1 =      16065 (0x3ec1)
        init_value =       2573 (0xa0d)

  --- dut ---
             acc_w =  -73925085 (0xfffffffffb97fe23)

  --- outputs ---
               out =         -1 (0xffffffff)
         out_exp_d =         -1 (0xffffffff)
           out_exp =         -1 (0xffffffff)

  --- golden (C) ---
             accum =  -73925085 (0xfffffffffffffffffffffffffb97fe23)
          shift_r1 =         31 (0x1f)

[FAIL] t=1690 | reset=0 init_acc=0 input_valid=1 Q=0

  --- inputs ---
             reset =          0 (0x0)
          init_acc =          0 (0x0)
       input_valid =          1 (0x1)
                 Q =          0 (0x0)
            input0 =     -10160 (0xffffd850)
            input1 =      17190 (0x4326)
        init_value =      11229 (0x2bdd)

  --- dut ---
             acc_w =  -73925085 (0xfffffffffb97fe23)

  --- outputs ---
               out =     -32768 (0xffff8000)
         out_exp_d =         -1 (0xffffffff)
           out_exp =     -32768 (0xffff8000)

  --- golden (C) ---
             accum = -248575485 (0xfffffffffffffffffffffffff12f0a03)
          shift_r1 =          0 (0x0)

[PASS] t=1700 | reset=0 init_acc=0 input_valid=1 Q=5

  --- inputs ---
             reset =          0 (0x0)
          init_acc =          0 (0x0)
       input_valid =          1 (0x1)
                 Q =          5 (0x5)
            input0 =      21286 (0x5326)
            input1 =      11490 (0x2ce2)
        init_value =      -1011 (0xfffffc0d)

  --- dut ---
             acc_w = -248575485 (0xfffffffff12f0a03)

  --- outputs ---
               out =     -32768 (0xffff8000)
         out_exp_d =     -32768 (0xffff8000)
           out_exp =     -32768 (0xffff8000)

  --- golden (C) ---
             accum =   -3999345 (0xffffffffffffffffffffffffffc2f98f)
          shift_r1 =          5 (0x5)

[PASS] t=1710 | reset=0 init_acc=0 input_valid=1 Q=3

  --- inputs ---
             reset =          0 (0x0)
          init_acc =          0 (0x0)
       input_valid =          1 (0x1)
                 Q =          3 (0x3)
            input0 =     -14749 (0xffffc663)
            input1 =       4168 (0x1048)
        init_value =     -29413 (0xffff8d1b)

  --- dut ---
             acc_w =   -3999345 (0xffffffffffc2f98f)

  --- outputs ---
               out =     -32768 (0xffff8000)
         out_exp_d =     -32768 (0xffff8000)
           out_exp =     -32768 (0xffff8000)

  --- golden (C) ---
             accum =  -65473177 (0xfffffffffffffffffffffffffc18f567)
          shift_r1 =          3 (0x3)

[FAIL] t=1720 | reset=0 init_acc=0 input_valid=1 Q=41

  --- inputs ---
             reset =          0 (0x0)
          init_acc =          0 (0x0)
       input_valid =          1 (0x1)
                 Q =         41 (0x29)
            input0 =      18569 (0x4889)
            input1 =      15315 (0x3bd3)
        init_value =       8869 (0x22a5)

  --- dut ---
             acc_w =  -65473177 (0xfffffffffc18f567)

  --- outputs ---
               out =         -1 (0xffffffff)
         out_exp_d =     -32768 (0xffff8000)
           out_exp =          0 (0x0)

  --- golden (C) ---
             accum =  218911058 (0xd0c5152)
          shift_r1 =         41 (0x29)

[FAIL] t=1730 | reset=0 init_acc=0 input_valid=1 Q=17

  --- inputs ---
             reset =          0 (0x0)
          init_acc =          0 (0x0)
       input_valid =          1 (0x1)
                 Q =         17 (0x11)
            input0 =      -2823 (0xfffff4f9)
            input1 =      -4672 (0xffffedc0)
        init_value =      -1609 (0xfffff9b7)

  --- dut ---
             acc_w =  218911058 (0xd0c5152)

  --- outputs ---
               out =       1670 (0x686)
         out_exp_d =          0 (0x0)
           out_exp =       1770 (0x6ea)

  --- golden (C) ---
             accum =  232100114 (0xdd59112)
          shift_r1 =         17 (0x11)

[PASS] t=1740 | reset=0 init_acc=0 input_valid=0 Q=32

  --- inputs ---
             reset =          0 (0x0)
          init_acc =          0 (0x0)
       input_valid =          0 (0x0)
                 Q =         32 (0x20)
            input0 =       -622 (0xfffffd92)
            input1 =      25715 (0x6473)
        init_value =     -19581 (0xffffb383)

  --- dut ---
             acc_w =  232100114 (0xdd59112)

  --- outputs ---
               out =       1770 (0x6ea)
         out_exp_d =       1770 (0x6ea)
           out_exp =       1770 (0x6ea)

  --- golden (C) ---
             accum =  232100114 (0xdd59112)
          shift_r1 =         17 (0x11)

[FAIL] t=1750 | reset=0 init_acc=0 input_valid=1 Q=28

  --- inputs ---
             reset =          0 (0x0)
          init_acc =          0 (0x0)
       input_valid =          1 (0x1)
                 Q =         28 (0x1c)
            input0 =     -28496 (0xffff90b0)
            input1 =     -14233 (0xffffc867)
        init_value =      11306 (0x2c2a)

  --- dut ---
             acc_w =  232100114 (0xdd59112)

  --- outputs ---
               out =          0 (0x0)
         out_exp_d =       1770 (0x6ea)
           out_exp =          2 (0x2)

  --- golden (C) ---
             accum =  637683682 (0x260247e2)
          shift_r1 =         28 (0x1c)

[PASS] t=1760 | reset=0 init_acc=0 input_valid=0 Q=34

  --- inputs ---
             reset =          0 (0x0)
          init_acc =          0 (0x0)
       input_valid =          0 (0x0)
                 Q =         34 (0x22)
            input0 =     -32768 (0xffff8000)
            input1 =     -15561 (0xffffc337)
        init_value =     -12784 (0xffffce10)

  --- dut ---
             acc_w =  637683682 (0x260247e2)

  --- outputs ---
               out =          2 (0x2)
         out_exp_d =          2 (0x2)
           out_exp =          2 (0x2)

  --- golden (C) ---
             accum =  637683682 (0x260247e2)
          shift_r1 =         28 (0x1c)

[FAIL] t=1770 | reset=0 init_acc=0 input_valid=1 Q=44

  --- inputs ---
             reset =          0 (0x0)
          init_acc =          0 (0x0)
       input_valid =          1 (0x1)
                 Q =         44 (0x2c)
            input0 =     -22813 (0xffffa6e3)
            input1 =     -11827 (0xffffd1cd)
        init_value =      14359 (0x3817)

  --- dut ---
             acc_w =  637683682 (0x260247e2)

  --- outputs ---
               out =          0 (0x0)
         out_exp_d =          2 (0x2)
           out_exp =          0 (0x0)

  --- golden (C) ---
             accum =  907493033 (0x36173ea9)
          shift_r1 =         44 (0x2c)

[PASS] t=1780 | reset=0 init_acc=0 input_valid=0 Q=23

  --- inputs ---
             reset =          0 (0x0)
          init_acc =          0 (0x0)
       input_valid =          0 (0x0)
                 Q =         23 (0x17)
            input0 =     -15828 (0xffffc22c)
            input1 =     -27708 (0xffff93c4)
        init_value =      14063 (0x36ef)

  --- dut ---
             acc_w =  907493033 (0x36173ea9)

  --- outputs ---
               out =          0 (0x0)
         out_exp_d =          0 (0x0)
           out_exp =          0 (0x0)

  --- golden (C) ---
             accum =  907493033 (0x36173ea9)
          shift_r1 =         44 (0x2c)

[PASS] t=1790 | reset=0 init_acc=0 input_valid=1 Q=42

  --- inputs ---
             reset =          0 (0x0)
          init_acc =          0 (0x0)
       input_valid =          1 (0x1)
                 Q =         42 (0x2a)
            input0 =      32767 (0x7fff)
            input1 =       -256 (0xffffff00)
        init_value =      21585 (0x5451)

  --- dut ---
             acc_w =  907493033 (0x36173ea9)

  --- outputs ---
               out =          0 (0x0)
         out_exp_d =          0 (0x0)
           out_exp =          0 (0x0)

  --- golden (C) ---
             accum =  899104681 (0x35973fa9)
          shift_r1 =         42 (0x2a)

[PASS] t=1800 | reset=0 init_acc=0 input_valid=0 Q=7

  --- inputs ---
             reset =          0 (0x0)
          init_acc =          0 (0x0)
       input_valid =          0 (0x0)
                 Q =          7 (0x7)
            input0 =      12186 (0x2f9a)
            input1 =      29250 (0x7242)
        init_value =       5982 (0x175e)

  --- dut ---
             acc_w =  899104681 (0x35973fa9)

  --- outputs ---
               out =          0 (0x0)
         out_exp_d =          0 (0x0)
           out_exp =          0 (0x0)

  --- golden (C) ---
             accum =  899104681 (0x35973fa9)
          shift_r1 =         42 (0x2a)

[PASS] t=1810 | reset=0 init_acc=0 input_valid=0 Q=34

  --- inputs ---
             reset =          0 (0x0)
          init_acc =          0 (0x0)
       input_valid =          0 (0x0)
                 Q =         34 (0x22)
            input0 =      29340 (0x729c)
            input1 =     -10079 (0xffffd8a1)
        init_value =      -7097 (0xffffe447)

  --- dut ---
             acc_w =  899104681 (0x35973fa9)

  --- outputs ---
               out =          0 (0x0)
         out_exp_d =          0 (0x0)
           out_exp =          0 (0x0)

  --- golden (C) ---
             accum =  899104681 (0x35973fa9)
          shift_r1 =         42 (0x2a)

[PASS] t=1820 | reset=0 init_acc=0 input_valid=0 Q=21

  --- inputs ---
             reset =          0 (0x0)
          init_acc =          0 (0x0)
       input_valid =          0 (0x0)
                 Q =         21 (0x15)
            input0 =      16977 (0x4251)
            input1 =     -27131 (0xffff9605)
        init_value =       3829 (0xef5)

  --- dut ---
             acc_w =  899104681 (0x35973fa9)

  --- outputs ---
               out =          0 (0x0)
         out_exp_d =          0 (0x0)
           out_exp =          0 (0x0)

  --- golden (C) ---
             accum =  899104681 (0x35973fa9)
          shift_r1 =         42 (0x2a)

[PASS] t=1830 | reset=0 init_acc=0 input_valid=0 Q=5

  --- inputs ---
             reset =          0 (0x0)
          init_acc =          0 (0x0)
       input_valid =          0 (0x0)
                 Q =          5 (0x5)
            input0 =      -3413 (0xfffff2ab)
            input1 =       -157 (0xffffff63)
        init_value =      10042 (0x273a)

  --- dut ---
             acc_w =  899104681 (0x35973fa9)

  --- outputs ---
               out =          0 (0x0)
         out_exp_d =          0 (0x0)
           out_exp =          0 (0x0)

  --- golden (C) ---
             accum =  899104681 (0x35973fa9)
          shift_r1 =         42 (0x2a)

[PASS] t=1840 | reset=0 init_acc=0 input_valid=0 Q=29

  --- inputs ---
             reset =          0 (0x0)
          init_acc =          0 (0x0)
       input_valid =          0 (0x0)
                 Q =         29 (0x1d)
            input0 =      17300 (0x4394)
            input1 =      23774 (0x5cde)
        init_value =      15534 (0x3cae)

  --- dut ---
             acc_w =  899104681 (0x35973fa9)

  --- outputs ---
               out =          0 (0x0)
         out_exp_d =          0 (0x0)
           out_exp =          0 (0x0)

  --- golden (C) ---
             accum =  899104681 (0x35973fa9)
          shift_r1 =         42 (0x2a)

[FAIL] t=1850 | reset=0 init_acc=0 input_valid=1 Q=25

  --- inputs ---
             reset =          0 (0x0)
          init_acc =          0 (0x0)
       input_valid =          1 (0x1)
                 Q =         25 (0x19)
            input0 =     -31664 (0xffff8450)
            input1 =      19149 (0x4acd)
        init_value =      32767 (0x7fff)

  --- dut ---
             acc_w =  899104681 (0x35973fa9)

  --- outputs ---
               out =         26 (0x1a)
         out_exp_d =          0 (0x0)
           out_exp =          8 (0x8)

  --- golden (C) ---
             accum =  292770745 (0x117353b9)
          shift_r1 =         25 (0x19)

[FAIL] t=1860 | reset=0 init_acc=0 input_valid=1 Q=30

  --- inputs ---
             reset =          0 (0x0)
          init_acc =          0 (0x0)
       input_valid =          1 (0x1)
                 Q =         30 (0x1e)
            input0 =      -2782 (0xfffff522)
            input1 =      -6652 (0xffffe604)
        init_value =     -25768 (0xffff9b58)

  --- dut ---
             acc_w =  292770745 (0x117353b9)

  --- outputs ---
               out =          0 (0x0)
         out_exp_d =          8 (0x8)
           out_exp =          0 (0x0)

  --- golden (C) ---
             accum =  311276609 (0x128db441)
          shift_r1 =         30 (0x1e)

[PASS] t=1870 | reset=0 init_acc=0 input_valid=0 Q=42

  --- inputs ---
             reset =          0 (0x0)
          init_acc =          0 (0x0)
       input_valid =          0 (0x0)
                 Q =         42 (0x2a)
            input0 =       7033 (0x1b79)
            input1 =     -26396 (0xffff98e4)
        init_value =     -32624 (0xffff8090)

  --- dut ---
             acc_w =  311276609 (0x128db441)

  --- outputs ---
               out =          0 (0x0)
         out_exp_d =          0 (0x0)
           out_exp =          0 (0x0)

  --- golden (C) ---
             accum =  311276609 (0x128db441)
          shift_r1 =         30 (0x1e)

[FAIL] t=1880 | reset=0 init_acc=0 input_valid=1 Q=13

  --- inputs ---
             reset =          0 (0x0)
          init_acc =          0 (0x0)
       input_valid =          1 (0x1)
                 Q =         13 (0xd)
            input0 =      22570 (0x582a)
            input1 =      23883 (0x5d4b)
        init_value =       6061 (0x17ad)

  --- dut ---
             acc_w =  311276609 (0x128db441)

  --- outputs ---
               out =      32767 (0x7fff)
         out_exp_d =          0 (0x0)
           out_exp =      32767 (0x7fff)

  --- golden (C) ---
             accum =  850315919 (0x32aeca8f)
          shift_r1 =         13 (0xd)

[PASS] t=1890 | reset=0 init_acc=0 input_valid=1 Q=14

  --- inputs ---
             reset =          0 (0x0)
          init_acc =          0 (0x0)
       input_valid =          1 (0x1)
                 Q =         14 (0xe)
            input0 =       6986 (0x1b4a)
            input1 =     -22399 (0xffffa881)
        init_value =     -30750 (0xffff87e2)

  --- dut ---
             acc_w =  850315919 (0x32aeca8f)

  --- outputs ---
               out =      32767 (0x7fff)
         out_exp_d =      32767 (0x7fff)
           out_exp =      32767 (0x7fff)

  --- golden (C) ---
             accum =  693836505 (0x295b1ad9)
          shift_r1 =         14 (0xe)

[FAIL] t=1900 | reset=0 init_acc=0 input_valid=1 Q=44

  --- inputs ---
             reset =          0 (0x0)
          init_acc =          0 (0x0)
       input_valid =          1 (0x1)
                 Q =         44 (0x2c)
            input0 =     -29167 (0xffff8e11)
            input1 =     -13055 (0xffffcd01)
        init_value =      -9288 (0xffffdbb8)

  --- dut ---
             acc_w =  693836505 (0x295b1ad9)

  --- outputs ---
               out =          0 (0x0)
         out_exp_d =      32767 (0x7fff)
           out_exp =          0 (0x0)

  --- golden (C) ---
             accum = 1074611690 (0x400d45ea)
          shift_r1 =         44 (0x2c)

[PASS] t=1910 | reset=0 init_acc=0 input_valid=0 Q=15

  --- inputs ---
             reset =          0 (0x0)
          init_acc =          0 (0x0)
       input_valid =          0 (0x0)
                 Q =         15 (0xf)
            input0 =     -22290 (0xffffa8ee)
            input1 =      30493 (0x771d)
        init_value =      30835 (0x7873)

  --- dut ---
             acc_w = 1074611690 (0x400d45ea)

  --- outputs ---
               out =          0 (0x0)
         out_exp_d =          0 (0x0)
           out_exp =          0 (0x0)

  --- golden (C) ---
             accum = 1074611690 (0x400d45ea)
          shift_r1 =         44 (0x2c)

[PASS] t=1920 | reset=0 init_acc=0 input_valid=1 Q=38

  --- inputs ---
             reset =          0 (0x0)
          init_acc =          0 (0x0)
       input_valid =          1 (0x1)
                 Q =         38 (0x26)
            input0 =      27398 (0x6b06)
            input1 =      -1022 (0xfffffc02)
        init_value =     -21440 (0xffffac40)

  --- dut ---
             acc_w = 1074611690 (0x400d45ea)

  --- outputs ---
               out =          0 (0x0)
         out_exp_d =          0 (0x0)
           out_exp =          0 (0x0)

  --- golden (C) ---
             accum = 1046610934 (0x3e6203f6)
          shift_r1 =         38 (0x26)

[FAIL] t=1930 | reset=0 init_acc=0 input_valid=1 Q=29

  --- inputs ---
             reset =          0 (0x0)
          init_acc =          0 (0x0)
       input_valid =          1 (0x1)
                 Q =         29 (0x1d)
            input0 =      17159 (0x4307)
            input1 =     -28698 (0xffff8fe6)
        init_value =      32767 (0x7fff)

  --- dut ---
             acc_w = 1046610934 (0x3e6203f6)

  --- outputs ---
               out =          1 (0x1)
         out_exp_d =          0 (0x0)
           out_exp =          1 (0x1)

  --- golden (C) ---
             accum =  554181952 (0x21082540)
          shift_r1 =         29 (0x1d)

[PASS] t=1940 | reset=0 init_acc=0 input_valid=0 Q=16

  --- inputs ---
             reset =          0 (0x0)
          init_acc =          0 (0x0)
       input_valid =          0 (0x0)
                 Q =         16 (0x10)
            input0 =      25871 (0x650f)
            input1 =     -21839 (0xffffaab1)
        init_value =     -18035 (0xffffb98d)

  --- dut ---
             acc_w =  554181952 (0x21082540)

  --- outputs ---
               out =          1 (0x1)
         out_exp_d =          1 (0x1)
           out_exp =          1 (0x1)

  --- golden (C) ---
             accum =  554181952 (0x21082540)
          shift_r1 =         29 (0x1d)

[PASS] t=1950 | reset=0 init_acc=0 input_valid=0 Q=18

  --- inputs ---
             reset =          0 (0x0)
          init_acc =          0 (0x0)
       input_valid =          0 (0x0)
                 Q =         18 (0x12)
            input0 =     -26344 (0xffff9918)
            input1 =      -7397 (0xffffe31b)
        init_value =      32767 (0x7fff)

  --- dut ---
             acc_w =  554181952 (0x21082540)

  --- outputs ---
               out =          1 (0x1)
         out_exp_d =          1 (0x1)
           out_exp =          1 (0x1)

  --- golden (C) ---
             accum =  554181952 (0x21082540)
          shift_r1 =         29 (0x1d)

[FAIL] t=1960 | reset=0 init_acc=0 input_valid=1 Q=5

  --- inputs ---
             reset =          0 (0x0)
          init_acc =          0 (0x0)
       input_valid =          1 (0x1)
                 Q =          5 (0x5)
            input0 =       2594 (0xa22)
            input1 =     -32768 (0xffff8000)
        init_value =     -32768 (0xffff8000)

  --- dut ---
             acc_w =  554181952 (0x21082540)

  --- outputs ---
               out =      32767 (0x7fff)
         out_exp_d =          1 (0x1)
           out_exp =      32767 (0x7fff)

  --- golden (C) ---
             accum =  469181760 (0x1bf72540)
          shift_r1 =          5 (0x5)

[PASS] t=1970 | reset=0 init_acc=0 input_valid=0 Q=12

  --- inputs ---
             reset =          0 (0x0)
          init_acc =          0 (0x0)
       input_valid =          0 (0x0)
                 Q =         12 (0xc)
            input0 =     -14828 (0xffffc614)
            input1 =      31018 (0x792a)
        init_value =      15446 (0x3c56)

  --- dut ---
             acc_w =  469181760 (0x1bf72540)

  --- outputs ---
               out =      32767 (0x7fff)
         out_exp_d =      32767 (0x7fff)
           out_exp =      32767 (0x7fff)

  --- golden (C) ---
             accum =  469181760 (0x1bf72540)
          shift_r1 =          5 (0x5)

[PASS] t=1980 | reset=0 init_acc=0 input_valid=0 Q=45

  --- inputs ---
             reset =          0 (0x0)
          init_acc =          0 (0x0)
       input_valid =          0 (0x0)
                 Q =         45 (0x2d)
            input0 =       5168 (0x1430)
            input1 =     -28233 (0xffff91b7)
        init_value =         72 (0x48)

  --- dut ---
             acc_w =  469181760 (0x1bf72540)

  --- outputs ---
               out =      32767 (0x7fff)
         out_exp_d =      32767 (0x7fff)
           out_exp =      32767 (0x7fff)

  --- golden (C) ---
             accum =  469181760 (0x1bf72540)
          shift_r1 =          5 (0x5)

[PASS] t=1990 | reset=0 init_acc=0 input_valid=1 Q=8

  --- inputs ---
             reset =          0 (0x0)
          init_acc =          0 (0x0)
       input_valid =          1 (0x1)
                 Q =          8 (0x8)
            input0 =     -11899 (0xffffd185)
            input1 =       9024 (0x2340)
        init_value =     -28161 (0xffff91ff)

  --- dut ---
             acc_w =  469181760 (0x1bf72540)

  --- outputs ---
               out =      32767 (0x7fff)
         out_exp_d =      32767 (0x7fff)
           out_exp =      32767 (0x7fff)

  --- golden (C) ---
             accum =  361805184 (0x1590b580)
          shift_r1 =          8 (0x8)

[FAIL] t=2000 | reset=0 init_acc=0 input_valid=1 Q=28

  --- inputs ---
             reset =          0 (0x0)
          init_acc =          0 (0x0)
       input_valid =          1 (0x1)
                 Q =         28 (0x1c)
            input0 =     -30034 (0xffff8aae)
            input1 =      -7923 (0xffffe10d)
        init_value =     -18050 (0xffffb97e)

  --- dut ---
             acc_w =  361805184 (0x1590b580)

  --- outputs ---
               out =          1 (0x1)
         out_exp_d =      32767 (0x7fff)
           out_exp =          2 (0x2)

  --- golden (C) ---
             accum =  599764566 (0x23bfae56)
          shift_r1 =         28 (0x1c)

[FAIL] t=2010 | reset=0 init_acc=0 input_valid=1 Q=40

  --- inputs ---
             reset =          0 (0x0)
          init_acc =          0 (0x0)
       input_valid =          1 (0x1)
                 Q =         40 (0x28)
            input0 =     -25484 (0xffff9c74)
            input1 =      21508 (0x5404)
        init_value =     -32768 (0xffff8000)

  --- dut ---
             acc_w =  599764566 (0x23bfae56)

  --- outputs ---
               out =          0 (0x0)
         out_exp_d =          2 (0x2)
           out_exp =          0 (0x0)

  --- golden (C) ---
             accum =   51654694 (0x3143026)
          shift_r1 =         40 (0x28)

[PASS] t=2020 | reset=0 init_acc=0 input_valid=0 Q=32

  --- inputs ---
             reset =          0 (0x0)
          init_acc =          0 (0x0)
       input_valid =          0 (0x0)
                 Q =         32 (0x20)
            input0 =      29604 (0x73a4)
            input1 =      27143 (0x6a07)
        init_value =      32767 (0x7fff)

  --- dut ---
             acc_w =   51654694 (0x3143026)

  --- outputs ---
               out =          0 (0x0)
         out_exp_d =          0 (0x0)
           out_exp =          0 (0x0)

  --- golden (C) ---
             accum =   51654694 (0x3143026)
          shift_r1 =         40 (0x28)

[FAIL] t=2030 | reset=0 init_acc=0 input_valid=1 Q=22

  --- inputs ---
             reset =          0 (0x0)
          init_acc =          0 (0x0)
       input_valid =          1 (0x1)
                 Q =         22 (0x16)
            input0 =      14884 (0x3a24)
            input1 =       9085 (0x237d)
        init_value =       1211 (0x4bb)

  --- dut ---
             acc_w =   51654694 (0x3143026)

  --- outputs ---
               out =         12 (0xc)
         out_exp_d =          0 (0x0)
           out_exp =         44 (0x2c)

  --- golden (C) ---
             accum =  186875834 (0xb237fba)
          shift_r1 =         22 (0x16)

[PASS] t=2040 | reset=0 init_acc=0 input_valid=0 Q=19

  --- inputs ---
             reset =          0 (0x0)
          init_acc =          0 (0x0)
       input_valid =          0 (0x0)
                 Q =         19 (0x13)
            input0 =      23522 (0x5be2)
            input1 =      -3664 (0xfffff1b0)
        init_value =     -18959 (0xffffb5f1)

  --- dut ---
             acc_w =  186875834 (0xb237fba)

  --- outputs ---
               out =         44 (0x2c)
         out_exp_d =         44 (0x2c)
           out_exp =         44 (0x2c)

  --- golden (C) ---
             accum =  186875834 (0xb237fba)
          shift_r1 =         22 (0x16)

[PASS] t=2050 | reset=0 init_acc=0 input_valid=0 Q=23

  --- inputs ---
             reset =          0 (0x0)
          init_acc =          0 (0x0)
       input_valid =          0 (0x0)
                 Q =         23 (0x17)
            input0 =      26000 (0x6590)
            input1 =      11175 (0x2ba7)
        init_value =     -23514 (0xffffa426)

  --- dut ---
             acc_w =  186875834 (0xb237fba)

  --- outputs ---
               out =         44 (0x2c)
         out_exp_d =         44 (0x2c)
           out_exp =         44 (0x2c)

  --- golden (C) ---
             accum =  186875834 (0xb237fba)
          shift_r1 =         22 (0x16)

[PASS] t=2060 | reset=0 init_acc=0 input_valid=0 Q=24

  --- inputs ---
             reset =          0 (0x0)
          init_acc =          0 (0x0)
       input_valid =          0 (0x0)
                 Q =         24 (0x18)
            input0 =      21935 (0x55af)
            input1 =     -30240 (0xffff89e0)
        init_value =     -32768 (0xffff8000)

  --- dut ---
             acc_w =  186875834 (0xb237fba)

  --- outputs ---
               out =         44 (0x2c)
         out_exp_d =         44 (0x2c)
           out_exp =         44 (0x2c)

  --- golden (C) ---
             accum =  186875834 (0xb237fba)
          shift_r1 =         22 (0x16)

[PASS] t=2070 | reset=0 init_acc=0 input_valid=0 Q=13

  --- inputs ---
             reset =          0 (0x0)
          init_acc =          0 (0x0)
       input_valid =          0 (0x0)
                 Q =         13 (0xd)
            input0 =     -24648 (0xffff9fb8)
            input1 =      -3085 (0xfffff3f3)
        init_value =     -14161 (0xffffc8af)

  --- dut ---
             acc_w =  186875834 (0xb237fba)

  --- outputs ---
               out =         44 (0x2c)
         out_exp_d =         44 (0x2c)
           out_exp =         44 (0x2c)

  --- golden (C) ---
             accum =  186875834 (0xb237fba)
          shift_r1 =         22 (0x16)

[FAIL] t=2080 | reset=0 init_acc=0 input_valid=1 Q=2

  --- inputs ---
             reset =          0 (0x0)
          init_acc =          0 (0x0)
       input_valid =          1 (0x1)
                 Q =          2 (0x2)
            input0 =     -24350 (0xffffa0e2)
            input1 =       6295 (0x1897)
        init_value =     -26184 (0xffff99b8)

  --- dut ---
             acc_w =  186875834 (0xb237fba)

  --- outputs ---
               out =      32767 (0x7fff)
         out_exp_d =         44 (0x2c)
           out_exp =      32767 (0x7fff)

  --- golden (C) ---
             accum =   33592584 (0x2009508)
          shift_r1 =          2 (0x2)

[PASS] t=2090 | reset=0 init_acc=0 input_valid=0 Q=36

  --- inputs ---
             reset =          0 (0x0)
          init_acc =          0 (0x0)
       input_valid =          0 (0x0)
                 Q =         36 (0x24)
            input0 =      32609 (0x7f61)
            input1 =     -22576 (0xffffa7d0)
        init_value =       2152 (0x868)

  --- dut ---
             acc_w =   33592584 (0x2009508)

  --- outputs ---
               out =      32767 (0x7fff)
         out_exp_d =      32767 (0x7fff)
           out_exp =      32767 (0x7fff)

  --- golden (C) ---
             accum =   33592584 (0x2009508)
          shift_r1 =          2 (0x2)

[PASS] t=2100 | reset=0 init_acc=0 input_valid=0 Q=13

  --- inputs ---
             reset =          0 (0x0)
          init_acc =          0 (0x0)
       input_valid =          0 (0x0)
                 Q =         13 (0xd)
            input0 =      12175 (0x2f8f)
            input1 =     -10435 (0xffffd73d)
        init_value =      28967 (0x7127)

  --- dut ---
             acc_w =   33592584 (0x2009508)

  --- outputs ---
               out =      32767 (0x7fff)
         out_exp_d =      32767 (0x7fff)
           out_exp =      32767 (0x7fff)

  --- golden (C) ---
             accum =   33592584 (0x2009508)
          shift_r1 =          2 (0x2)

[FAIL] t=2110 | reset=0 init_acc=0 input_valid=1 Q=18

  --- inputs ---
             reset =          0 (0x0)
          init_acc =          0 (0x0)
       input_valid =          1 (0x1)
                 Q =         18 (0x12)
            input0 =      29042 (0x7172)
            input1 =      32028 (0x7d1c)
        init_value =      32767 (0x7fff)

  --- dut ---
             acc_w =   33592584 (0x2009508)

  --- outputs ---
               out =        128 (0x80)
         out_exp_d =      32767 (0x7fff)
           out_exp =       3676 (0xe5c)

  --- golden (C) ---
             accum =  963749760 (0x3971a780)
          shift_r1 =         18 (0x12)

[PASS] t=2120 | reset=0 init_acc=0 input_valid=0 Q=36

  --- inputs ---
             reset =          0 (0x0)
          init_acc =          0 (0x0)
       input_valid =          0 (0x0)
                 Q =         36 (0x24)
            input0 =       -269 (0xfffffef3)
            input1 =      32767 (0x7fff)
        init_value =       2699 (0xa8b)

  --- dut ---
             acc_w =  963749760 (0x3971a780)

  --- outputs ---
               out =       3676 (0xe5c)
         out_exp_d =       3676 (0xe5c)
           out_exp =       3676 (0xe5c)

  --- golden (C) ---
             accum =  963749760 (0x3971a780)
          shift_r1 =         18 (0x12)

[PASS] t=2130 | reset=0 init_acc=0 input_valid=0 Q=13

  --- inputs ---
             reset =          0 (0x0)
          init_acc =          0 (0x0)
       input_valid =          0 (0x0)
                 Q =         13 (0xd)
            input0 =      14707 (0x3973)
            input1 =      28735 (0x703f)
        init_value =      14972 (0x3a7c)

  --- dut ---
             acc_w =  963749760 (0x3971a780)

  --- outputs ---
               out =       3676 (0xe5c)
         out_exp_d =       3676 (0xe5c)
           out_exp =       3676 (0xe5c)

  --- golden (C) ---
             accum =  963749760 (0x3971a780)
          shift_r1 =         18 (0x12)

[FAIL] t=2140 | reset=0 init_acc=0 input_valid=1 Q=26

  --- inputs ---
             reset =          0 (0x0)
          init_acc =          0 (0x0)
       input_valid =          1 (0x1)
                 Q =         26 (0x1a)
            input0 =      29616 (0x73b0)
            input1 =      -8093 (0xffffe063)
        init_value =     -32768 (0xffff8000)

  --- dut ---
             acc_w =  963749760 (0x3971a780)

  --- outputs ---
               out =         14 (0xe)
         out_exp_d =       3676 (0xe5c)
           out_exp =         10 (0xa)

  --- golden (C) ---
             accum =  724067472 (0x2b286490)
          shift_r1 =         26 (0x1a)

[FAIL] t=2150 | reset=0 init_acc=0 input_valid=1 Q=45

  --- inputs ---
             reset =          0 (0x0)
          init_acc =          0 (0x0)
       input_valid =          1 (0x1)
                 Q =         45 (0x2d)
            input0 =     -13979 (0xffffc965)
            input1 =     -30430 (0xffff8922)
        init_value =     -21835 (0xffffaab5)

  --- dut ---
             acc_w =  724067472 (0x2b286490)

  --- outputs ---
               out =          0 (0x0)
         out_exp_d =         10 (0xa)
           out_exp =          0 (0x0)

  --- golden (C) ---
             accum = 1149448442 (0x448330fa)
          shift_r1 =         45 (0x2d)

[PASS] t=2160 | reset=0 init_acc=0 input_valid=0 Q=7

  --- inputs ---
             reset =          0 (0x0)
          init_acc =          0 (0x0)
       input_valid =          0 (0x0)
                 Q =          7 (0x7)
            input0 =      -2515 (0xfffff62d)
            input1 =     -22522 (0xffffa806)
        init_value =     -11814 (0xffffd1da)

  --- dut ---
             acc_w = 1149448442 (0x448330fa)

  --- outputs ---
               out =          0 (0x0)
         out_exp_d =          0 (0x0)
           out_exp =          0 (0x0)

  --- golden (C) ---
             accum = 1149448442 (0x448330fa)
          shift_r1 =         45 (0x2d)

[PASS] t=2170 | reset=0 init_acc=0 input_valid=0 Q=5

  --- inputs ---
             reset =          0 (0x0)
          init_acc =          0 (0x0)
       input_valid =          0 (0x0)
                 Q =          5 (0x5)
            input0 =      23628 (0x5c4c)
            input1 =      17100 (0x42cc)
        init_value =     -32768 (0xffff8000)

  --- dut ---
             acc_w = 1149448442 (0x448330fa)

  --- outputs ---
               out =          0 (0x0)
         out_exp_d =          0 (0x0)
           out_exp =          0 (0x0)

  --- golden (C) ---
             accum = 1149448442 (0x448330fa)
          shift_r1 =         45 (0x2d)

[FAIL] t=2180 | reset=0 init_acc=0 input_valid=1 Q=1

  --- inputs ---
             reset =          0 (0x0)
          init_acc =          0 (0x0)
       input_valid =          1 (0x1)
                 Q =          1 (0x1)
            input0 =       7696 (0x1e10)
            input1 =      -9982 (0xffffd902)
        init_value =      -7640 (0xffffe228)

  --- dut ---
             acc_w = 1149448442 (0x448330fa)

  --- outputs ---
               out =      32767 (0x7fff)
         out_exp_d =          0 (0x0)
           out_exp =      32767 (0x7fff)

  --- golden (C) ---
             accum = 1072626970 (0x3feefd1a)
          shift_r1 =          1 (0x1)

[PASS] t=2190 | reset=0 init_acc=0 input_valid=1 Q=12

  --- inputs ---
             reset =          0 (0x0)
          init_acc =          0 (0x0)
       input_valid =          1 (0x1)
                 Q =         12 (0xc)
            input0 =      -1783 (0xfffff909)
            input1 =      12129 (0x2f61)
        init_value =       5526 (0x1596)

  --- dut ---
             acc_w = 1072626970 (0x3feefd1a)

  --- outputs ---
               out =      32767 (0x7fff)
         out_exp_d =      32767 (0x7fff)
           out_exp =      32767 (0x7fff)

  --- golden (C) ---
             accum = 1051000963 (0x3ea50083)
          shift_r1 =         12 (0xc)

[PASS] t=2200 | reset=0 init_acc=0 input_valid=0 Q=30

  --- inputs ---
             reset =          0 (0x0)
          init_acc =          0 (0x0)
       input_valid =          0 (0x0)
                 Q =         30 (0x1e)
            input0 =     -10253 (0xffffd7f3)
            input1 =     -31758 (0xffff83f2)
        init_value =      32767 (0x7fff)

  --- dut ---
             acc_w = 1051000963 (0x3ea50083)

  --- outputs ---
               out =      32767 (0x7fff)
         out_exp_d =      32767 (0x7fff)
           out_exp =      32767 (0x7fff)

  --- golden (C) ---
             accum = 1051000963 (0x3ea50083)
          shift_r1 =         12 (0xc)

[PASS] t=2210 | reset=0 init_acc=0 input_valid=0 Q=27

  --- inputs ---
             reset =          0 (0x0)
          init_acc =          0 (0x0)
       input_valid =          0 (0x0)
                 Q =         27 (0x1b)
            input0 =      -7049 (0xffffe477)
            input1 =       5738 (0x166a)
        init_value =     -21607 (0xffffab99)

  --- dut ---
             acc_w = 1051000963 (0x3ea50083)

  --- outputs ---
               out =      32767 (0x7fff)
         out_exp_d =      32767 (0x7fff)
           out_exp =      32767 (0x7fff)

  --- golden (C) ---
             accum = 1051000963 (0x3ea50083)
          shift_r1 =         12 (0xc)

[PASS] t=2220 | reset=0 init_acc=0 input_valid=0 Q=18

  --- inputs ---
             reset =          0 (0x0)
          init_acc =          0 (0x0)
       input_valid =          0 (0x0)
                 Q =         18 (0x12)
            input0 =      18255 (0x474f)
            input1 =      32767 (0x7fff)
        init_value =      -8000 (0xffffe0c0)

  --- dut ---
             acc_w = 1051000963 (0x3ea50083)

  --- outputs ---
               out =      32767 (0x7fff)
         out_exp_d =      32767 (0x7fff)
           out_exp =      32767 (0x7fff)

  --- golden (C) ---
             accum = 1051000963 (0x3ea50083)
          shift_r1 =         12 (0xc)

[FAIL] t=2230 | reset=0 init_acc=0 input_valid=1 Q=27

  --- inputs ---
             reset =          0 (0x0)
          init_acc =          0 (0x0)
       input_valid =          1 (0x1)
                 Q =         27 (0x1b)
            input0 =       2842 (0xb1a)
            input1 =     -12727 (0xffffce49)
        init_value =      28965 (0x7125)

  --- dut ---
             acc_w = 1051000963 (0x3ea50083)

  --- outputs ---
               out =          7 (0x7)
         out_exp_d =      32767 (0x7fff)
           out_exp =          7 (0x7)

  --- golden (C) ---
             accum = 1014830829 (0x3c7d16ed)
          shift_r1 =         27 (0x1b)

[PASS] t=2240 | reset=0 init_acc=0 input_valid=0 Q=11

  --- inputs ---
             reset =          0 (0x0)
          init_acc =          0 (0x0)
       input_valid =          0 (0x0)
                 Q =         11 (0xb)
            input0 =      22957 (0x59ad)
            input1 =     -20434 (0xffffb02e)
        init_value =       -759 (0xfffffd09)

  --- dut ---
             acc_w = 1014830829 (0x3c7d16ed)

  --- outputs ---
               out =          7 (0x7)
         out_exp_d =          7 (0x7)
           out_exp =          7 (0x7)

  --- golden (C) ---
             accum = 1014830829 (0x3c7d16ed)
          shift_r1 =         27 (0x1b)

[PASS] t=2250 | reset=0 init_acc=0 input_valid=0 Q=8

  --- inputs ---
             reset =          0 (0x0)
          init_acc =          0 (0x0)
       input_valid =          0 (0x0)
                 Q =          8 (0x8)
            input0 =      -1285 (0xfffffafb)
            input1 =       3866 (0xf1a)
        init_value =     -21803 (0xffffaad5)

  --- dut ---
             acc_w = 1014830829 (0x3c7d16ed)

  --- outputs ---
               out =          7 (0x7)
         out_exp_d =          7 (0x7)
           out_exp =          7 (0x7)

  --- golden (C) ---
             accum = 1014830829 (0x3c7d16ed)
          shift_r1 =         27 (0x1b)

[FAIL] t=2260 | reset=0 init_acc=0 input_valid=1 Q=18

  --- inputs ---
             reset =          0 (0x0)
          init_acc =          0 (0x0)
       input_valid =          1 (0x1)
                 Q =         18 (0x12)
            input0 =     -32424 (0xffff8158)
            input1 =     -15111 (0xffffc4f9)
        init_value =      -5909 (0xffffe8eb)

  --- dut ---
             acc_w = 1014830829 (0x3c7d16ed)

  --- outputs ---
               out =       3871 (0xf1f)
         out_exp_d =          7 (0x7)
           out_exp =       5740 (0x166c)

  --- golden (C) ---
             accum = 1504789893 (0x59b14585)
          shift_r1 =         18 (0x12)

[FAIL] t=2270 | reset=0 init_acc=0 input_valid=1 Q=24

  --- inputs ---
             reset =          0 (0x0)
          init_acc =          0 (0x0)
       input_valid =          1 (0x1)
                 Q =         24 (0x18)
            input0 =     -15342 (0xffffc412)
            input1 =     -15482 (0xffffc386)
        init_value =       8786 (0x2252)

  --- dut ---
             acc_w = 1504789893 (0x59b14585)

  --- outputs ---
               out =         89 (0x59)
         out_exp_d =       5740 (0x166c)
           out_exp =        103 (0x67)

  --- golden (C) ---
             accum = 1742314737 (0x67d99cf1)
          shift_r1 =         24 (0x18)

[FAIL] t=2280 | reset=0 init_acc=0 input_valid=1 Q=30

  --- inputs ---
             reset =          0 (0x0)
          init_acc =          0 (0x0)
       input_valid =          1 (0x1)
                 Q =         30 (0x1e)
            input0 =      -8050 (0xffffe08e)
            input1 =     -23805 (0xffffa303)
        init_value =      -8128 (0xffffe040)

  --- dut ---
             acc_w = 1742314737 (0x67d99cf1)

  --- outputs ---
               out =          1 (0x1)
         out_exp_d =        103 (0x67)
           out_exp =          1 (0x1)

  --- golden (C) ---
             accum = 1933944987 (0x7345a89b)
          shift_r1 =         30 (0x1e)

[PASS] t=2290 | reset=0 init_acc=0 input_valid=0 Q=42

  --- inputs ---
             reset =          0 (0x0)
          init_acc =          0 (0x0)
       input_valid =          0 (0x0)
                 Q =         42 (0x2a)
            input0 =     -15884 (0xffffc1f4)
            input1 =      16049 (0x3eb1)
        init_value =      26850 (0x68e2)

  --- dut ---
             acc_w = 1933944987 (0x7345a89b)

  --- outputs ---
               out =          1 (0x1)
         out_exp_d =          1 (0x1)
           out_exp =          1 (0x1)

  --- golden (C) ---
             accum = 1933944987 (0x7345a89b)
          shift_r1 =         30 (0x1e)

[PASS] t=2300 | reset=0 init_acc=0 input_valid=0 Q=27

  --- inputs ---
             reset =          0 (0x0)
          init_acc =          0 (0x0)
       input_valid =          0 (0x0)
                 Q =         27 (0x1b)
            input0 =      13697 (0x3581)
            input1 =      -1926 (0xfffff87a)
        init_value =      32767 (0x7fff)

  --- dut ---
             acc_w = 1933944987 (0x7345a89b)

  --- outputs ---
               out =          1 (0x1)
         out_exp_d =          1 (0x1)
           out_exp =          1 (0x1)

  --- golden (C) ---
             accum = 1933944987 (0x7345a89b)
          shift_r1 =         30 (0x1e)

[FAIL] t=2310 | reset=0 init_acc=0 input_valid=1 Q=13

  --- inputs ---
             reset =          0 (0x0)
          init_acc =          0 (0x0)
       input_valid =          1 (0x1)
                 Q =         13 (0xd)
            input0 =       4449 (0x1161)
            input1 =      17449 (0x4429)
        init_value =      -8385 (0xffffdf3f)

  --- dut ---
             acc_w = 1933944987 (0x7345a89b)

  --- outputs ---
               out =      32767 (0x7fff)
         out_exp_d =          1 (0x1)
           out_exp =      32767 (0x7fff)

  --- golden (C) ---
             accum = 2011575588 (0x77e63524)
          shift_r1 =         13 (0xd)

[PASS] t=2320 | reset=0 init_acc=0 input_valid=1 Q=15

  --- inputs ---
             reset =          0 (0x0)
          init_acc =          0 (0x0)
       input_valid =          1 (0x1)
                 Q =         15 (0xf)
            input0 =      -2406 (0xfffff69a)
            input1 =     -18974 (0xffffb5e2)
        init_value =       3014 (0xbc6)

  --- dut ---
             acc_w = 2011575588 (0x77e63524)

  --- outputs ---
               out =      32767 (0x7fff)
         out_exp_d =      32767 (0x7fff)
           out_exp =      32767 (0x7fff)

  --- golden (C) ---
             accum = 2057227032 (0x7a9ecb18)
          shift_r1 =         15 (0xf)

[PASS] t=2330 | reset=0 init_acc=0 input_valid=0 Q=29

  --- inputs ---
             reset =          0 (0x0)
          init_acc =          0 (0x0)
       input_valid =          0 (0x0)
                 Q =         29 (0x1d)
            input0 =      16854 (0x41d6)
            input1 =      16445 (0x403d)
        init_value =      -8026 (0xffffe0a6)

  --- dut ---
             acc_w = 2057227032 (0x7a9ecb18)

  --- outputs ---
               out =      32767 (0x7fff)
         out_exp_d =      32767 (0x7fff)
           out_exp =      32767 (0x7fff)

  --- golden (C) ---
             accum = 2057227032 (0x7a9ecb18)
          shift_r1 =         15 (0xf)

[PASS] t=2340 | reset=0 init_acc=0 input_valid=1 Q=15

  --- inputs ---
             reset =          0 (0x0)
          init_acc =          0 (0x0)
       input_valid =          1 (0x1)
                 Q =         15 (0xf)
            input0 =     -17543 (0xffffbb79)
            input1 =     -13507 (0xffffcb3d)
        init_value =     -24681 (0xffff9f97)

  --- dut ---
             acc_w = 2057227032 (0x7a9ecb18)

  --- outputs ---
               out =      32767 (0x7fff)
         out_exp_d =      32767 (0x7fff)
           out_exp =      32767 (0x7fff)

  --- golden (C) ---
             accum = 2294180333 (0x88be69ed)
          shift_r1 =         15 (0xf)

[PASS] t=2350 | reset=0 init_acc=0 input_valid=1 Q=11

  --- inputs ---
             reset =          0 (0x0)
          init_acc =          0 (0x0)
       input_valid =          1 (0x1)
                 Q =         11 (0xb)
            input0 =     -17310 (0xffffbc62)
            input1 =      19917 (0x4dcd)
        init_value =      28315 (0x6e9b)

  --- dut ---
             acc_w = 2294180333 (0x88be69ed)

  --- outputs ---
               out =      32767 (0x7fff)
         out_exp_d =      32767 (0x7fff)
           out_exp =      32767 (0x7fff)

  --- golden (C) ---
             accum = 1949417063 (0x7431be67)
          shift_r1 =         11 (0xb)

[FAIL] t=2360 | reset=0 init_acc=0 input_valid=1 Q=40

  --- inputs ---
             reset =          0 (0x0)
          init_acc =          0 (0x0)
       input_valid =          1 (0x1)
                 Q =         40 (0x28)
            input0 =     -23074 (0xffffa5de)
            input1 =     -30171 (0xffff8a25)
        init_value =       2800 (0xaf0)

  --- dut ---
             acc_w = 1949417063 (0x7431be67)

  --- outputs ---
               out =          0 (0x0)
         out_exp_d =      32767 (0x7fff)
           out_exp =          0 (0x0)

  --- golden (C) ---
             accum = 2645582717 (0x9db0637d)
          shift_r1 =         40 (0x28)

[FAIL] t=2370 | reset=0 init_acc=0 input_valid=1 Q=25

  --- inputs ---
             reset =          0 (0x0)
          init_acc =          0 (0x0)
       input_valid =          1 (0x1)
                 Q =         25 (0x19)
            input0 =      18525 (0x485d)
            input1 =      26853 (0x68e5)
        init_value =     -10190 (0xffffd832)

  --- dut ---
             acc_w = 2645582717 (0x9db0637d)

  --- outputs ---
               out =         78 (0x4e)
         out_exp_d =          0 (0x0)
           out_exp =         93 (0x5d)

  --- golden (C) ---
             accum = 3143034542 (0xbb56e6ae)
          shift_r1 =         25 (0x19)

[FAIL] t=2380 | reset=0 init_acc=0 input_valid=1 Q=5

  --- inputs ---
             reset =          0 (0x0)
          init_acc =          0 (0x0)
       input_valid =          1 (0x1)
                 Q =          5 (0x5)
            input0 =     -14840 (0xffffc608)
            input1 =      18736 (0x4930)
        init_value =       8596 (0x2194)

  --- dut ---
             acc_w = 3143034542 (0xbb56e6ae)

  --- outputs ---
               out =      32767 (0x7fff)
         out_exp_d =         93 (0x5d)
           out_exp =      32767 (0x7fff)

  --- golden (C) ---
             accum = 2864992302 (0xaac4502e)
          shift_r1 =          5 (0x5)

[PASS] t=2390 | reset=0 init_acc=0 input_valid=0 Q=46

  --- inputs ---
             reset =          0 (0x0)
          init_acc =          0 (0x0)
       input_valid =          0 (0x0)
                 Q =         46 (0x2e)
            input0 =     -27529 (0xffff9477)
            input1 =      24282 (0x5eda)
        init_value =     -23789 (0xffffa313)

  --- dut ---
             acc_w = 2864992302 (0xaac4502e)

  --- outputs ---
               out =      32767 (0x7fff)
         out_exp_d =      32767 (0x7fff)
           out_exp =      32767 (0x7fff)

  --- golden (C) ---
             accum = 2864992302 (0xaac4502e)
          shift_r1 =          5 (0x5)

[PASS] t=2400 | reset=0 init_acc=0 input_valid=0 Q=28

  --- inputs ---
             reset =          0 (0x0)
          init_acc =          0 (0x0)
       input_valid =          0 (0x0)
                 Q =         28 (0x1c)
            input0 =      14921 (0x3a49)
            input1 =     -10250 (0xffffd7f6)
        init_value =     -32768 (0xffff8000)

  --- dut ---
             acc_w = 2864992302 (0xaac4502e)

  --- outputs ---
               out =      32767 (0x7fff)
         out_exp_d =      32767 (0x7fff)
           out_exp =      32767 (0x7fff)

  --- golden (C) ---
             accum = 2864992302 (0xaac4502e)
          shift_r1 =          5 (0x5)

[FAIL] t=2410 | reset=0 init_acc=0 input_valid=1 Q=43

  --- inputs ---
             reset =          0 (0x0)
          init_acc =          0 (0x0)
       input_valid =          1 (0x1)
                 Q =         43 (0x2b)
            input0 =      -2047 (0xfffff801)
            input1 =      15079 (0x3ae7)
        init_value =       8447 (0x20ff)

  --- dut ---
             acc_w = 2864992302 (0xaac4502e)

  --- outputs ---
               out =          0 (0x0)
         out_exp_d =      32767 (0x7fff)
           out_exp =          0 (0x0)

  --- golden (C) ---
             accum = 2834125589 (0xa8ed5315)
          shift_r1 =         43 (0x2b)

[FAIL] t=2420 | reset=0 init_acc=0 input_valid=1 Q=8

  --- inputs ---
             reset =          0 (0x0)
          init_acc =          0 (0x0)
       input_valid =          1 (0x1)
                 Q =          8 (0x8)
            input0 =      28064 (0x6da0)
            input1 =     -22158 (0xffffa972)
        init_value =      25770 (0x64aa)

  --- dut ---
             acc_w = 2834125589 (0xa8ed5315)

  --- outputs ---
               out =      32767 (0x7fff)
         out_exp_d =          0 (0x0)
           out_exp =      32767 (0x7fff)

  --- golden (C) ---
             accum = 2212283477 (0x83dcc455)
          shift_r1 =          8 (0x8)

[PASS] t=2430 | reset=0 init_acc=0 input_valid=0 Q=15

  --- inputs ---
             reset =          0 (0x0)
          init_acc =          0 (0x0)
       input_valid =          0 (0x0)
                 Q =         15 (0xf)
            input0 =     -31359 (0xffff8581)
            input1 =      24832 (0x6100)
        init_value =     -20621 (0xffffaf73)

  --- dut ---
             acc_w = 2212283477 (0x83dcc455)

  --- outputs ---
               out =      32767 (0x7fff)
         out_exp_d =      32767 (0x7fff)
           out_exp =      32767 (0x7fff)

  --- golden (C) ---
             accum = 2212283477 (0x83dcc455)
          shift_r1 =          8 (0x8)

[FAIL] t=2440 | reset=0 init_acc=0 input_valid=1 Q=45

  --- inputs ---
             reset =          0 (0x0)
          init_acc =          0 (0x0)
       input_valid =          1 (0x1)
                 Q =         45 (0x2d)
            input0 =     -27990 (0xffff92aa)
            input1 =     -25181 (0xffff9da3)
        init_value =       5040 (0x13b0)

  --- dut ---
             acc_w = 2212283477 (0x83dcc455)

  --- outputs ---
               out =          0 (0x0)
         out_exp_d =      32767 (0x7fff)
           out_exp =          0 (0x0)

  --- golden (C) ---
             accum = 2917099667 (0xaddf6893)
          shift_r1 =         45 (0x2d)

[PASS] t=2450 | reset=0 init_acc=0 input_valid=0 Q=17

  --- inputs ---
             reset =          0 (0x0)
          init_acc =          0 (0x0)
       input_valid =          0 (0x0)
                 Q =         17 (0x11)
            input0 =      17185 (0x4321)
            input1 =      14884 (0x3a24)
        init_value =     -26919 (0xffff96d9)

  --- dut ---
             acc_w = 2917099667 (0xaddf6893)

  --- outputs ---
               out =          0 (0x0)
         out_exp_d =          0 (0x0)
           out_exp =          0 (0x0)

  --- golden (C) ---
             accum = 2917099667 (0xaddf6893)
          shift_r1 =         45 (0x2d)

[FAIL] t=2460 | reset=0 init_acc=0 input_valid=1 Q=8

  --- inputs ---
             reset =          0 (0x0)
          init_acc =          0 (0x0)
       input_valid =          1 (0x1)
                 Q =          8 (0x8)
            input0 =      11111 (0x2b67)
            input1 =      32767 (0x7fff)
        init_value =       6297 (0x1899)

  --- dut ---
             acc_w = 2917099667 (0xaddf6893)

  --- outputs ---
               out =      32767 (0x7fff)
         out_exp_d =          0 (0x0)
           out_exp =      32767 (0x7fff)

  --- golden (C) ---
             accum = 3281173804 (0xc392bd2c)
          shift_r1 =          8 (0x8)

[PASS] t=2470 | reset=0 init_acc=0 input_valid=1 Q=14

  --- inputs ---
             reset =          0 (0x0)
          init_acc =          0 (0x0)
       input_valid =          1 (0x1)
                 Q =         14 (0xe)
            input0 =     -15307 (0xffffc435)
            input1 =      30897 (0x78b1)
        init_value =     -24739 (0xffff9f5d)

  --- dut ---
             acc_w = 3281173804 (0xc392bd2c)

  --- outputs ---
               out =      32767 (0x7fff)
         out_exp_d =      32767 (0x7fff)
           out_exp =      32767 (0x7fff)

  --- golden (C) ---
             accum = 2808233425 (0xa7623dd1)
          shift_r1 =         14 (0xe)

[PASS] t=2480 | reset=0 init_acc=0 input_valid=0 Q=26

  --- inputs ---
             reset =          0 (0x0)
          init_acc =          0 (0x0)
       input_valid =          0 (0x0)
                 Q =         26 (0x1a)
            input0 =      31326 (0x7a5e)
            input1 =      28024 (0x6d78)
        init_value =      14935 (0x3a57)

  --- dut ---
             acc_w = 2808233425 (0xa7623dd1)

  --- outputs ---
               out =      32767 (0x7fff)
         out_exp_d =      32767 (0x7fff)
           out_exp =      32767 (0x7fff)

  --- golden (C) ---
             accum = 2808233425 (0xa7623dd1)
          shift_r1 =         14 (0xe)

[PASS] t=2490 | reset=0 init_acc=0 input_valid=0 Q=43

  --- inputs ---
             reset =          0 (0x0)
          init_acc =          0 (0x0)
       input_valid =          0 (0x0)
                 Q =         43 (0x2b)
            input0 =      29942 (0x74f6)
            input1 =      32767 (0x7fff)
        init_value =      -3192 (0xfffff388)

  --- dut ---
             acc_w = 2808233425 (0xa7623dd1)

  --- outputs ---
               out =      32767 (0x7fff)
         out_exp_d =      32767 (0x7fff)
           out_exp =      32767 (0x7fff)

  --- golden (C) ---
             accum = 2808233425 (0xa7623dd1)
          shift_r1 =         14 (0xe)

[PASS] t=2500 | reset=0 init_acc=0 input_valid=1 Q=16

  --- inputs ---
             reset =          0 (0x0)
          init_acc =          0 (0x0)
       input_valid =          1 (0x1)
                 Q =         16 (0x10)
            input0 =      14121 (0x3729)
            input1 =      -6767 (0xffffe591)
        init_value =     -25310 (0xffff9d22)

  --- dut ---
             acc_w = 2808233425 (0xa7623dd1)

  --- outputs ---
               out =      32767 (0x7fff)
         out_exp_d =      32767 (0x7fff)
           out_exp =      32767 (0x7fff)

  --- golden (C) ---
             accum = 2712676618 (0xa1b0290a)
          shift_r1 =         16 (0x10)

[PASS] t=2510 | reset=0 init_acc=0 input_valid=0 Q=39

  --- inputs ---
             reset =          0 (0x0)
          init_acc =          0 (0x0)
       input_valid =          0 (0x0)
                 Q =         39 (0x27)
            input0 =      -3684 (0xfffff19c)
            input1 =      -2931 (0xfffff48d)
        init_value =      29864 (0x74a8)

  --- dut ---
             acc_w = 2712676618 (0xa1b0290a)

  --- outputs ---
               out =      32767 (0x7fff)
         out_exp_d =      32767 (0x7fff)
           out_exp =      32767 (0x7fff)

  --- golden (C) ---
             accum = 2712676618 (0xa1b0290a)
          shift_r1 =         16 (0x10)

[PASS] t=2520 | reset=0 init_acc=0 input_valid=0 Q=32

  --- inputs ---
             reset =          0 (0x0)
          init_acc =          0 (0x0)
       input_valid =          0 (0x0)
                 Q =         32 (0x20)
            input0 =       9089 (0x2381)
            input1 =       3064 (0xbf8)
        init_value =       8482 (0x2122)

  --- dut ---
             acc_w = 2712676618 (0xa1b0290a)

  --- outputs ---
               out =      32767 (0x7fff)
         out_exp_d =      32767 (0x7fff)
           out_exp =      32767 (0x7fff)

  --- golden (C) ---
             accum = 2712676618 (0xa1b0290a)
          shift_r1 =         16 (0x10)

[FAIL] t=2530 | reset=0 init_acc=0 input_valid=1 Q=28

  --- inputs ---
             reset =          0 (0x0)
          init_acc =          0 (0x0)
       input_valid =          1 (0x1)
                 Q =         28 (0x1c)
            input0 =     -23656 (0xffffa398)
            input1 =      32767 (0x7fff)
        init_value =      22051 (0x5623)

  --- dut ---
             acc_w = 2712676618 (0xa1b0290a)

  --- outputs ---
               out =         10 (0xa)
         out_exp_d =      32767 (0x7fff)
           out_exp =          7 (0x7)

  --- golden (C) ---
             accum = 1937540466 (0x737c8572)
          shift_r1 =         28 (0x1c)

[PASS] t=2540 | reset=0 init_acc=0 input_valid=1 Q=28

  --- inputs ---
             reset =          0 (0x0)
          init_acc =          0 (0x0)
       input_valid =          1 (0x1)
                 Q =         28 (0x1c)
            input0 =      28703 (0x701f)
            input1 =      18773 (0x4955)
        init_value =     -12057 (0xffffd0e7)

  --- dut ---
             acc_w = 1937540466 (0x737c8572)

  --- outputs ---
               out =          7 (0x7)
         out_exp_d =          7 (0x7)
           out_exp =          9 (0x9)

  --- golden (C) ---
             accum = 2476381885 (0x939a96bd)
          shift_r1 =         28 (0x1c)

[PASS] t=2550 | reset=0 init_acc=0 input_valid=0 Q=39

  --- inputs ---
             reset =          0 (0x0)
          init_acc =          0 (0x0)
       input_valid =          0 (0x0)
                 Q =         39 (0x27)
            input0 =      20087 (0x4e77)
            input1 =      13657 (0x3559)
        init_value =        602 (0x25a)

  --- dut ---
             acc_w = 2476381885 (0x939a96bd)

  --- outputs ---
               out =          9 (0x9)
         out_exp_d =          9 (0x9)
           out_exp =          9 (0x9)

  --- golden (C) ---
             accum = 2476381885 (0x939a96bd)
          shift_r1 =         28 (0x1c)

[PASS] t=2560 | reset=0 init_acc=0 input_valid=0 Q=35

  --- inputs ---
             reset =          0 (0x0)
          init_acc =          0 (0x0)
       input_valid =          0 (0x0)
                 Q =         35 (0x23)
            input0 =      29470 (0x731e)
            input1 =      -9260 (0xffffdbd4)
        init_value =      31163 (0x79bb)

  --- dut ---
             acc_w = 2476381885 (0x939a96bd)

  --- outputs ---
               out =          9 (0x9)
         out_exp_d =          9 (0x9)
           out_exp =          9 (0x9)

  --- golden (C) ---
             accum = 2476381885 (0x939a96bd)
          shift_r1 =         28 (0x1c)

[PASS] t=2570 | reset=0 init_acc=0 input_valid=0 Q=25

  --- inputs ---
             reset =          0 (0x0)
          init_acc =          0 (0x0)
       input_valid =          0 (0x0)
                 Q =         25 (0x19)
            input0 =       3617 (0xe21)
            input1 =      23695 (0x5c8f)
        init_value =     -15553 (0xffffc33f)

  --- dut ---
             acc_w = 2476381885 (0x939a96bd)

  --- outputs ---
               out =          9 (0x9)
         out_exp_d =          9 (0x9)
           out_exp =          9 (0x9)

  --- golden (C) ---
             accum = 2476381885 (0x939a96bd)
          shift_r1 =         28 (0x1c)

[PASS] t=2580 | reset=0 init_acc=0 input_valid=0 Q=43

  --- inputs ---
             reset =          0 (0x0)
          init_acc =          0 (0x0)
       input_valid =          0 (0x0)
                 Q =         43 (0x2b)
            input0 =      31322 (0x7a5a)
            input1 =      -5566 (0xffffea42)
        init_value =     -24901 (0xffff9ebb)

  --- dut ---
             acc_w = 2476381885 (0x939a96bd)

  --- outputs ---
               out =          9 (0x9)
         out_exp_d =          9 (0x9)
           out_exp =          9 (0x9)

  --- golden (C) ---
             accum = 2476381885 (0x939a96bd)
          shift_r1 =         28 (0x1c)

[FAIL] t=2590 | reset=0 init_acc=0 input_valid=1 Q=16

  --- inputs ---
             reset =          0 (0x0)
          init_acc =          0 (0x0)
       input_valid =          1 (0x1)
                 Q =         16 (0x10)
            input0 =     -18589 (0xffffb763)
            input1 =       6592 (0x19c0)
        init_value =      32767 (0x7fff)

  --- dut ---
             acc_w = 2476381885 (0x939a96bd)

  --- outputs ---
               out =      32767 (0x7fff)
         out_exp_d =          9 (0x9)
           out_exp =      32767 (0x7fff)

  --- golden (C) ---
             accum = 2353843197 (0x8c4ccbfd)
          shift_r1 =         16 (0x10)

[FAIL] t=2600 | reset=0 init_acc=0 input_valid=1 Q=19

  --- inputs ---
             reset =          0 (0x0)
          init_acc =          0 (0x0)
       input_valid =          1 (0x1)
                 Q =         19 (0x13)
            input0 =      16894 (0x41fe)
            input1 =       1649 (0x671)
        init_value =       3401 (0xd49)

  --- dut ---
             acc_w = 2353843197 (0x8c4ccbfd)

  --- outputs ---
               out =       4489 (0x1189)
         out_exp_d =      32767 (0x7fff)
           out_exp =       4542 (0x11be)

  --- golden (C) ---
             accum = 2381701403 (0x8df5e11b)
          shift_r1 =         19 (0x13)

[FAIL] t=2610 | reset=0 init_acc=0 input_valid=1 Q=27

  --- inputs ---
             reset =          0 (0x0)
          init_acc =          0 (0x0)
       input_valid =          1 (0x1)
                 Q =         27 (0x1b)
            input0 =       3582 (0xdfe)
            input1 =      12128 (0x2f60)
        init_value =      25540 (0x63c4)

  --- dut ---
             acc_w = 2381701403 (0x8df5e11b)

  --- outputs ---
               out =         17 (0x11)
         out_exp_d =       4542 (0x11be)
           out_exp =         18 (0x12)

  --- golden (C) ---
             accum = 2425143899 (0x908cc25b)
          shift_r1 =         27 (0x1b)

[PASS] t=2620 | reset=0 init_acc=0 input_valid=1 Q=27

  --- inputs ---
             reset =          0 (0x0)
          init_acc =          0 (0x0)
       input_valid =          1 (0x1)
                 Q =         27 (0x1b)
            input0 =     -23232 (0xffffa540)
            input1 =       1146 (0x47a)
        init_value =     -21556 (0xffffabcc)

  --- dut ---
             acc_w = 2425143899 (0x908cc25b)

  --- outputs ---
               out =         18 (0x12)
         out_exp_d =         18 (0x12)
           out_exp =         17 (0x11)

  --- golden (C) ---
             accum = 2398520027 (0x8ef682db)
          shift_r1 =         27 (0x1b)

[FAIL] t=2630 | reset=0 init_acc=0 input_valid=1 Q=16

  --- inputs ---
             reset =          0 (0x0)
          init_acc =          0 (0x0)
       input_valid =          1 (0x1)
                 Q =         16 (0x10)
            input0 =     -18586 (0xffffb766)
            input1 =       3456 (0xd80)
        init_value =     -31757 (0xffff83f3)

  --- dut ---
             acc_w = 2398520027 (0x8ef682db)

  --- outputs ---
               out =      32767 (0x7fff)
         out_exp_d =         17 (0x11)
           out_exp =      32767 (0x7fff)

  --- golden (C) ---
             accum = 2334286811 (0x8b2263db)
          shift_r1 =         16 (0x10)

[FAIL] t=2640 | reset=0 init_acc=0 input_valid=1 Q=23

  --- inputs ---
             reset =          0 (0x0)
          init_acc =          0 (0x0)
       input_valid =          1 (0x1)
                 Q =         23 (0x17)
            input0 =      19550 (0x4c5e)
            input1 =     -31117 (0xffff8673)
        init_value =     -24814 (0xffff9f12)

  --- dut ---
             acc_w = 2334286811 (0x8b2263db)

  --- outputs ---
               out =        278 (0x116)
         out_exp_d =      32767 (0x7fff)
           out_exp =        205 (0xcd)

  --- golden (C) ---
             accum = 1725949461 (0x66dfe615)
          shift_r1 =         23 (0x17)

[FAIL] t=2650 | reset=0 init_acc=0 input_valid=1 Q=31

  --- inputs ---
             reset =          0 (0x0)
          init_acc =          0 (0x0)
       input_valid =          1 (0x1)
                 Q =         31 (0x1f)
            input0 =       6784 (0x1a80)
            input1 =     -32768 (0xffff8000)
        init_value =     -15662 (0xffffc2d2)

  --- dut ---
             acc_w = 1725949461 (0x66dfe615)

  --- outputs ---
               out =          0 (0x0)
         out_exp_d =        205 (0xcd)
           out_exp =          0 (0x0)

  --- golden (C) ---
             accum = 1503651349 (0x599fe615)
          shift_r1 =         31 (0x1f)

[PASS] t=2660 | reset=0 init_acc=0 input_valid=0 Q=21

  --- inputs ---
             reset =          0 (0x0)
          init_acc =          0 (0x0)
       input_valid =          0 (0x0)
                 Q =         21 (0x15)
            input0 =       5534 (0x159e)
            input1 =     -18441 (0xffffb7f7)
        init_value =      32767 (0x7fff)

  --- dut ---
             acc_w = 1503651349 (0x599fe615)

  --- outputs ---
               out =          0 (0x0)
         out_exp_d =          0 (0x0)
           out_exp =          0 (0x0)

  --- golden (C) ---
             accum = 1503651349 (0x599fe615)
          shift_r1 =         31 (0x1f)

[PASS] t=2670 | reset=0 init_acc=0 input_valid=1 Q=43

  --- inputs ---
             reset =          0 (0x0)
          init_acc =          0 (0x0)
       input_valid =          1 (0x1)
                 Q =         43 (0x2b)
            input0 =      10176 (0x27c0)
            input1 =      10621 (0x297d)
        init_value =      30179 (0x75e3)

  --- dut ---
             acc_w = 1503651349 (0x599fe615)

  --- outputs ---
               out =          0 (0x0)
         out_exp_d =          0 (0x0)
           out_exp =          0 (0x0)

  --- golden (C) ---
             accum = 1611730645 (0x60110ed5)
          shift_r1 =         43 (0x2b)

[FAIL] t=2680 | reset=0 init_acc=0 input_valid=1 Q=0

  --- inputs ---
             reset =          0 (0x0)
          init_acc =          0 (0x0)
       input_valid =          1 (0x1)
                 Q =          0 (0x0)
            input0 =     -32224 (0xffff8220)
            input1 =     -29913 (0xffff8b27)
        init_value =       2603 (0xa2b)

  --- dut ---
             acc_w = 1611730645 (0x60110ed5)

  --- outputs ---
               out =      32767 (0x7fff)
         out_exp_d =          0 (0x0)
           out_exp =      32767 (0x7fff)

  --- golden (C) ---
             accum = 2575647157 (0x998541b5)
          shift_r1 =          0 (0x0)

[FAIL] t=2690 | reset=0 init_acc=0 input_valid=1 Q=20

  --- inputs ---
             reset =          0 (0x0)
          init_acc =          0 (0x0)
       input_valid =          1 (0x1)
                 Q =         20 (0x14)
            input0 =     -10636 (0xffffd674)
            input1 =       4230 (0x1086)
        init_value =       7990 (0x1f36)

  --- dut ---
             acc_w = 2575647157 (0x998541b5)

  --- outputs ---
               out =       2456 (0x998)
         out_exp_d =      32767 (0x7fff)
           out_exp =       2413 (0x96d)

  --- golden (C) ---
             accum = 2530656877 (0x96d6c26d)
          shift_r1 =         20 (0x14)
                2690 100 errors reached. Stopping simulation early.

========================================
[INVALID] summary
  pass  = 169
  fail  = 100
  total = 269
  match = 62.8%  (169/269)
========================================
